forecast_season,player_id,player_display_name,position,games,historical_ppg_prior,ppg,season_pts,market_ecr_score,market_snapshot,preseason_rostered,preseason_reserve,cutoff_transaction_matched,fitted_season_points,fitted_two_stage,fitted_adaptive_ppg_hybrid,fitted_adaptive_season_hybrid
2026,00-0022942,Philip Rivers,QB,3,10.553333333333,10.553333333333,31.660000000000,,,1.000000000000,0.000000000000,0.000000000000,0.000000000000,1.875501809408,0.000000000000,2.846620683294
2026,00-0023459,Aaron Rodgers,QB,16,14.793840756262,14.692500000000,235.080000000000,-28.300000000000,2026-08-28,1.000000000000,0.000000000000,1.000000000000,99.309027253558,93.332874478176,99.298188233851,119.982248285932
2026,00-0024243,Marcedes Lewis,TE,1,0.234051558292,0.000000000000,0.000000000000,,,0.000000000000,0.000000000000,1.000000000000,-2.157803872975,-6.082010803084,-1.495678639897,-1.495678639897
2026,00-0026158,Joe Flacco,QB,13,12.780626569729,11.589230769231,150.660000000000,-40.650000000000,2026-08-28,1.000000000000,0.000000000000,1.000000000000,48.471752248028,46.984663629780,51.655894368600,55.859723183633
2026,00-0026300,Josh Johnson,QB,3,2.989036144578,4.876000000000,24.380000000000,-80.750000000000,2026-08-28,0.000000000000,0.000000000000,1.000000000000,-0.000000000000,-0.037942572166,0.000000000000,1.674775174025
2026,00-0026498,Matthew Stafford,QB,17,18.208545529460,21.022352941176,357.380000000000,-14.590000000000,2026-08-28,1.000000000000,0.000000000000,0.000000000000,205.910053189234,205.424477837488,208.799130314044,217.020034001125
2026,00-0027973,Andy Dalton,QB,4,6.055936643314,2.380000000000,9.520000000000,-67.600000000000,2026-08-28,1.000000000000,0.000000000000,1.000000000000,6.884570049501,11.131954184346,7.074055075075,13.291207157202
2026,00-0028118,Tyrod Taylor,QB,6,9.755775593383,10.410000000000,62.460000000000,-46.670000000000,2026-08-28,0.000000000000,0.000000000000,1.000000000000,29.365531079253,30.389959940554,28.002226702449,17.658268988522
2026,00-0029263,Russell Wilson,QB,6,13.721552373775,8.640000000000,51.840000000000,,,1.000000000000,0.000000000000,0.000000000000,21.319061349456,17.458068656311,20.818080955681,28.789976459056
2026,00-0029604,Kirk Cousins,QB,10,12.616046222664,10.554000000000,105.540000000000,-32.880000000000,2026-08-28,1.000000000000,0.000000000000,1.000000000000,85.804096665044,80.328572155588,86.123471483934,88.442239419138
2026,00-0030035,Adam Thielen,WR,14,7.030214882237,2.475000000000,39.600000000000,,,0.000000000000,0.000000000000,1.000000000000,21.220632407861,21.645525051525,15.092938741432,24.681469505911
2026,00-0030061,Zach Ertz,TE,13,9.792960049045,9.723076923077,126.400000000000,-56.130000000000,2026-08-28,1.000000000000,0.000000000000,0.000000000000,61.256706414344,56.461280427075,61.573796640505,61.573796640505
2026,00-0030279,Keenan Allen,WR,17,12.685004711728,10.747058823529,182.700000000000,-73.200000000000,2026-08-28,1.000000000000,0.000000000000,1.000000000000,113.022140926411,101.276620346109,106.697815758372,102.849598981901
2026,00-0030506,Travis Kelce,TE,17,12.098508446642,11.364705882353,193.200000000000,-9.900000000000,2026-08-28,1.000000000000,0.000000000000,1.000000000000,96.253125512649,91.739817670539,101.585239552633,101.585239552633
2026,00-0030564,DeAndre Hopkins,WR,17,7.032608871294,3.941176470588,67.000000000000,-135.330000000000,2026-08-28,1.000000000000,0.000000000000,0.000000000000,40.858204228952,39.086983013388,41.790620107857,47.535600360075
2026,00-0030565,Geno Smith,QB,15,13.848936391173,11.993333333333,179.900000000000,-28.380000000000,2026-08-28,1.000000000000,0.000000000000,0.000000000000,141.233278119004,136.574389178652,136.868902852287,138.020483690600
2026,00-0031236,Brandin Cooks,WR,13,5.412794229309,3.243750000000,51.900000000000,,,1.000000000000,0.000000000000,0.000000000000,28.777613711728,29.376475194969,29.936363011907,30.929117798788
2026,00-0031237,Teddy Bridgewater,QB,3,0.655316676351,0.720000000000,2.880000000000,,,0.000000000000,0.000000000000,1.000000000000,7.248546092513,9.409688125515,7.313579571887,4.183435153763
2026,00-0031345,Jimmy Garoppolo,QB,3,5.172165857962,-0.333333333333,-1.000000000000,-59.400000000000,2026-08-28,1.000000000000,0.000000000000,0.000000000000,16.137701509501,17.931485694262,15.468910222597,21.264474234251
2026,00-0031381,Davante Adams,WR,14,16.397634348514,16.064285714286,224.900000000000,-25.170000000000,2026-08-28,1.000000000000,0.000000000000,1.000000000000,150.716901620943,151.886392865335,155.011973742951,143.424097369723
2026,00-0031408,Mike Evans,WR,8,14.664207748591,10.600000000000,84.800000000000,-27.490000000000,2026-08-28,1.000000000000,0.000000000000,1.000000000000,80.957798067307,73.543575483332,78.884555258688,92.774475054776
2026,00-0031484,Chris Manhertz,TE,4,0.301025969862,0.100000000000,1.700000000000,-126.500000000000,2026-08-28,1.000000000000,0.000000000000,0.000000000000,2.510313879038,1.840945873719,3.630017300242,3.630017300242
2026,00-0031503,Jameis Winston,QB,3,10.439505013868,14.426666666667,43.280000000000,-41.110000000000,2026-08-28,1.000000000000,0.000000000000,0.000000000000,39.559477210354,38.406639807986,39.652765771585,44.782999250472
2026,00-0031588,Stefon Diggs,WR,17,13.604144296882,12.370588235294,210.300000000000,-42.190000000000,2026-08-28,1.000000000000,0.000000000000,1.000000000000,131.215299204302,131.705666925376,124.240862436715,120.761901639862
2026,00-0031610,Darren Waller,TE,9,9.734204275534,9.855555555556,88.700000000000,-33.110000000000,2026-08-28,1.000000000000,0.000000000000,1.000000000000,60.635253170517,57.397351947299,63.964859883037,63.964859883037
2026,00-0031687,Raheem Mostert,RB,12,6.331577836412,2.450000000000,29.400000000000,-140.000000000000,2026-08-28,1.000000000000,0.000000000000,0.000000000000,20.293126698658,19.187404593973,27.532298292001,26.264617103248
2026,00-0031763,DeAndre Carter,WR,4,0.726975602271,0.000000000000,0.000000000000,,,1.000000000000,0.000000000000,1.000000000000,-3.766639816435,-4.150121441608,-3.785882871530,2.052325583880
2026,00-0032104,Ameer Abdullah,RB,13,4.422844947574,2.915384615385,37.900000000000,-136.800000000000,2026-08-28,1.000000000000,0.000000000000,1.000000000000,12.622249645162,12.692730811083,16.125267474180,12.062030023897
2026,00-0032211,Tyler Lockett,WR,17,6.188013018973,3.947058823529,67.100000000000,-139.330000000000,2026-08-28,1.000000000000,0.000000000000,0.000000000000,36.725686941753,35.195352688467,37.568526588249,42.988973269647
2026,00-0032268,Marcus Mariota,QB,10,11.744451410658,11.863636363636,130.500000000000,-42.860000000000,2026-08-28,1.000000000000,0.000000000000,0.000000000000,60.655798096214,57.669053674743,58.239292219901,66.934115275868
2026,00-0032385,Sterling Shepard,WR,13,5.266399207528,6.307692307692,82.000000000000,-203.500000000000,2026-08-28,1.000000000000,0.000000000000,0.000000000000,32.624833738040,33.197830187552,34.151580072838,34.706863993863
2026,00-0032392,Austin Hooper,TE,13,4.383733705009,3.706250000000,59.300000000000,-53.640000000000,2026-08-28,1.000000000000,0.000000000000,1.000000000000,43.516614828739,40.393325012013,40.105281382542,40.105281382542
2026,00-0032398,Chris Moore,WR,10,3.095768577772,2.757142857143,38.600000000000,-223.000000000000,2026-08-28,0.000000000000,0.000000000000,1.000000000000,11.156647765665,11.240540070051,7.764523600123,9.749792371381
2026,00-0032434,Brandon Allen,QB,1,1.652075471698,0.880000000000,0.880000000000,-88.750000000000,2026-08-28,1.000000000000,0.000000000000,0.000000000000,0.000000000000,0.009348279109,0.000000000000,1.659944602255
2026,00-0032464,Kalif Raymond,WR,15,4.761652799850,4.453333333333,66.800000000000,-119.650000000000,2026-08-28,1.000000000000,0.000000000000,1.000000000000,34.733145303394,33.563016910696,32.886981173796,36.271165309873
2026,00-0032688,Robbie Chosen,WR,3,2.765701722243,3.433333333333,10.300000000000,,,1.000000000000,0.000000000000,0.000000000000,4.633324775337,5.307348804714,5.800315030086,12.119964889073
2026,00-0032764,Derrick Henry,RB,17,17.270291339208,16.558823529412,281.500000000000,-13.460000000000,2026-08-28,1.000000000000,0.000000000000,0.000000000000,146.273769095650,144.185810655867,151.080158241340,161.575056301129
2026,00-0032775,Demarcus Robinson,WR,14,5.470676826535,4.157142857143,58.200000000000,-130.610000000000,2026-08-28,1.000000000000,0.000000000000,0.000000000000,40.002978986404,38.711536798878,41.085973003962,38.843102162766
2026,00-0032950,Carson Wentz,QB,5,11.142288077188,14.068000000000,70.340000000000,-67.750000000000,2026-08-28,1.000000000000,0.000000000000,1.000000000000,16.509421446944,11.846668775501,16.498367280883,19.733165129435
2026,00-0032951,Laquon Treadwell,WR,6,0.068317046688,0.000000000000,0.000000000000,-231.000000000000,2026-08-28,1.000000000000,0.000000000000,1.000000000000,-2.309577233091,-2.354214246090,-2.590314106345,0.494963577638
2026,00-0033040,Tyreek Hill,WR,4,16.155085211655,13.375000000000,53.500000000000,-103.920000000000,2026-08-28,0.000000000000,0.000000000000,1.000000000000,87.193786038363,76.445679538932,55.754219899777,58.621332967559
2026,00-0033077,Dak Prescott,QB,17,18.724408024866,19.045882352941,323.780000000000,-9.250000000000,2026-08-28,1.000000000000,0.000000000000,1.000000000000,230.356754027134,230.418501629281,225.983044121795,236.617388185230
2026,00-0033090,Hunter Henry,TE,17,9.823197935742,10.517647058824,178.800000000000,-19.100000000000,2026-08-28,1.000000000000,0.000000000000,0.000000000000,116.384888851201,117.640261014824,110.678649783567,110.678649783567
2026,00-0033106,Jared Goff,QB,17,18.483234103358,17.827058823529,303.060000000000,-15.190000000000,2026-08-28,1.000000000000,0.000000000000,0.000000000000,239.647561706824,243.373728121044,241.999213161488,250.350636205199
2026,00-0033110,Tyler Higbee,TE,10,7.323629343629,7.110000000000,71.100000000000,-44.960000000000,2026-08-28,1.000000000000,0.000000000000,1.000000000000,39.596252313084,37.849348052127,38.237327237374,38.237327237374
2026,00-0033119,Jacoby Brissett,QB,14,13.530345720575,16.388571428571,229.440000000000,-26.940000000000,2026-08-28,1.000000000000,0.000000000000,0.000000000000,141.951170660168,143.499307192794,138.949298730883,150.832702659872
2026,00-0033217,Mo Alie-Cox,TE,11,2.017551798047,1.805882352941,30.700000000000,-73.140000000000,2026-08-28,1.000000000000,0.000000000000,0.000000000000,17.804207294969,17.253418098794,17.859887831560,17.859887831560
2026,00-0033246,Johnny Mundt,TE,12,1.873263917357,1.256250000000,20.100000000000,-123.750000000000,2026-08-28,1.000000000000,0.000000000000,1.000000000000,19.584928335584,19.408891070175,18.284064073820,18.284064073820
2026,00-0033280,Christian McCaffrey,RB,17,23.409764975042,24.505882352941,416.600000000000,-3.850000000000,2026-08-28,1.000000000000,0.000000000000,0.000000000000,241.803847877460,247.008209618215,257.819430501848,227.924709217498
2026,00-0033282,Curtis Samuel,WR,6,5.592664509169,3.516666666667,21.100000000000,-177.000000000000,2026-08-28,0.000000000000,0.000000000000,1.000000000000,34.804991493217,34.216045699013,23.652918964991,24.765163980817
2026,00-0033288,George Kittle,TE,11,14.720236612702,14.681818181818,161.500000000000,-9.970000000000,2026-08-28,1.000000000000,0.000000000000,1.000000000000,128.763754036791,121.417588057872,131.106001980264,131.106001980264
2026,00-0033293,Aaron Jones,RB,12,11.848333502178,9.891666666667,118.700000000000,-38.820000000000,2026-08-28,1.000000000000,0.000000000000,0.000000000000,62.835399658201,57.486650399396,74.043302896247,72.770830150359
2026,00-0033307,Kendrick Bourne,WR,14,6.321143085532,5.756250000000,92.100000000000,-107.640000000000,2026-08-28,1.000000000000,0.000000000000,1.000000000000,55.873969097295,52.223732055642,52.793435750800,56.580418488978
2026,00-0033319,Nick Mullens,QB,4,2.465406025825,-0.008000000000,-0.040000000000,-69.600000000000,2026-08-28,1.000000000000,0.000000000000,0.000000000000,0.268508568502,0.411472939406,0.202683155758,2.388147762862
2026,00-0033357,Taysom Hill,TE,13,6.435782374101,3.213846153846,41.780000000000,-88.670000000000,2026-08-28,1.000000000000,0.000000000000,0.000000000000,28.326158666725,27.555586641327,30.605919085111,30.605919085111
2026,00-0033375,Tim Patrick,WR,13,4.133870967742,3.231250000000,51.700000000000,-146.800000000000,2026-08-28,1.000000000000,0.000000000000,1.000000000000,22.671023640536,23.266781763577,21.620913170803,25.907695820137
2026,00-0033376,Patrick Ricard,RB,5,0.516249877415,0.190909090909,2.100000000000,-112.000000000000,2026-08-28,1.000000000000,0.000000000000,0.000000000000,0.377055462437,0.427535255791,7.318245507229,8.564779624687
2026,00-0033439,Pharaoh Brown,TE,5,1.045335294839,0.300000000000,2.100000000000,-136.000000000000,2026-08-28,1.000000000000,0.000000000000,1.000000000000,1.577507002343,1.555264802190,0.816152201421,0.816152201421
2026,00-0033455,Anthony Firkser,TE,5,1.225806451613,1.900000000000,13.300000000000,,,0.000000000000,0.000000000000,1.000000000000,7.119725973155,6.907758361232,5.809419444279,5.809419444279
2026,00-0033526,Samaje Perine,RB,15,5.403517843520,5.193333333333,77.900000000000,-76.740000000000,2026-08-28,1.000000000000,0.000000000000,0.000000000000,34.294372925304,33.584915641395,37.773527885456,33.572194148179
2026,00-0033553,James Conner,RB,3,14.863737486096,11.100000000000,33.300000000000,-63.840000000000,2026-08-28,1.000000000000,0.000000000000,0.000000000000,78.959883349440,74.129727287756,84.669097349468,75.329429794921
2026,00-0033555,Mack Hollins,WR,14,6.391858923363,7.560000000000,113.400000000000,-103.890000000000,2026-08-28,1.000000000000,0.000000000000,1.000000000000,50.982429328293,50.249148200093,52.549871896047,52.137815524833
2026,00-0033572,Jamal Agnew,WR,11,0.914203454894,0.000000000000,0.000000000000,,,1.000000000000,0.000000000000,0.000000000000,0.071410014159,0.072034423532,0.076180698394,3.399457558175
2026,00-0033576,Eric Saubert,TE,9,1.071893048128,0.827272727273,9.100000000000,-93.400000000000,2026-08-28,1.000000000000,0.000000000000,0.000000000000,8.549396049690,8.235989809580,8.192043293173,8.192043293173
2026,00-0033589,David Moore,WR,3,3.658218845967,0.675000000000,2.700000000000,-198.500000000000,2026-08-28,1.000000000000,0.000000000000,1.000000000000,9.300391309055,9.409706906061,10.587580789771,12.092527952691
2026,00-0033591,Noah Brown,WR,4,7.193613766730,3.325000000000,13.300000000000,,,0.000000000000,0.000000000000,1.000000000000,32.723965529214,32.032576694647,20.445942771146,21.840837014132
2026,00-0033662,Cooper Rush,QB,4,5.080727344211,0.430000000000,1.720000000000,-56.670000000000,2026-08-28,1.000000000000,0.000000000000,1.000000000000,1.728174855075,1.426642427821,1.979040857896,3.410375537431
2026,00-0033699,Austin Ekeler,RB,2,11.059485781067,6.550000000000,13.100000000000,-107.550000000000,2026-08-28,1.000000000000,0.000000000000,0.000000000000,41.142049048814,38.091364172001,50.519962781844,44.861085869117
2026,00-0033757,Robert Tonyan,TE,2,0.352963757480,0.064705882353,1.100000000000,-123.500000000000,2026-08-28,1.000000000000,0.000000000000,0.000000000000,-2.194137071013,-2.157081065060,-2.997021412267,-2.997021412267
2026,00-0033854,Dare Ogunbowale,RB,14,1.904878252168,1.417647058824,24.100000000000,,,1.000000000000,0.000000000000,1.000000000000,-4.727271071069,-4.788760562903,0.129107827239,-5.638719682977
2026,00-0033857,JuJu Smith-Schuster,WR,17,4.322807956471,4.323529411765,73.500000000000,,,1.000000000000,0.000000000000,1.000000000000,49.173439256803,43.204342608387,46.221541252714,37.926545413006
2026,00-0033858,Jonnu Smith,TE,17,7.861967135032,5.011764705882,85.200000000000,-50.400000000000,2026-08-28,1.000000000000,0.000000000000,1.000000000000,89.210074082929,86.511016344619,87.016130146261,87.016130146261
2026,00-0033869,Mitchell Trubisky,QB,4,5.341811230585,7.780000000000,31.120000000000,-64.330000000000,2026-08-28,1.000000000000,0.000000000000,1.000000000000,18.282531369782,19.558849793927,19.362361444791,27.089005118479
2026,00-0033873,Patrick Mahomes,QB,14,19.228022793054,20.548571428571,287.680000000000,-13.890000000000,2026-08-28,1.000000000000,0.000000000000,0.000000000000,223.706958177763,230.277795671353,222.292518648274,267.601652572566
2026,00-0033881,Evan Engram,TE,16,8.496339944428,6.425000000000,102.800000000000,-30.800000000000,2026-08-28,1.000000000000,0.000000000000,0.000000000000,75.458423236011,73.678236083553,79.231391455002,79.231391455002
2026,00-0033885,David Njoku,TE,11,9.997291393622,7.191666666667,86.300000000000,-30.820000000000,2026-08-28,1.000000000000,0.000000000000,1.000000000000,89.822936641417,88.545732948964,85.906062330017,85.906062330017
2026,00-0033891,Zay Jones,WR,6,3.752884185423,3.787500000000,30.300000000000,-213.000000000000,2026-08-28,1.000000000000,0.000000000000,0.000000000000,17.939486658630,17.905054875916,19.720361493903,19.821827962561
2026,00-0033906,Alvin Kamara,RB,11,14.083618689937,9.154545454545,100.700000000000,-52.710000000000,2026-08-28,1.000000000000,0.000000000000,0.000000000000,83.400556794210,79.564131369237,85.758999440956,82.308936029076
2026,00-0033908,Cooper Kupp,WR,16,10.096778497903,7.268750000000,116.300000000000,-82.740000000000,2026-08-28,1.000000000000,0.000000000000,0.000000000000,80.005909219659,73.029442488241,81.329322224691,85.534289704868
2026,00-0033921,Chris Godwin Jr.,WR,9,12.528998193692,9.222222222222,83.000000000000,-35.070000000000,2026-08-28,1.000000000000,0.000000000000,0.000000000000,90.209183541551,87.060068794827,95.146399454965,94.413015726464
2026,00-0033923,Kareem Hunt,RB,17,9.297298474946,8.552941176471,145.400000000000,-95.000000000000,2026-08-28,1.000000000000,0.000000000000,1.000000000000,75.751856667392,71.140125279299,73.616816210372,67.534207814204
2026,00-0033943,Josh Reynolds,WR,5,5.511479211529,4.620000000000,23.100000000000,,,1.000000000000,0.000000000000,0.000000000000,20.841669356363,21.120223725913,24.751778358825,26.374894236280
2026,00-0033949,Joshua Dobbs,QB,4,8.830517575422,0.525000000000,2.100000000000,-67.250000000000,2026-08-28,1.000000000000,0.000000000000,1.000000000000,28.488547135808,28.327147978737,27.124349966038,29.636611847093
2026,00-0033955,Jeremy McNichols,RB,16,4.110183639399,4.452941176471,75.700000000000,-113.380000000000,2026-08-28,1.000000000000,0.000000000000,1.000000000000,24.365509819096,24.262630600380,28.114455235146,24.692334977588
2026,00-0034054,River Cracraft,WR,2,1.663421750663,0.000000000000,0.000000000000,,,1.000000000000,1.000000000000,1.000000000000,0.982656249603,1.104134081860,1.215527662642,3.764793653852
2026,00-0034073,Ross Dwelley,TE,4,0.174749791493,0.245454545455,2.700000000000,,,1.000000000000,0.000000000000,0.000000000000,5.423552553967,4.758307626840,5.085814311837,5.085814311837
2026,00-0034159,Will Dissly,TE,8,4.228859212313,2.300000000000,20.700000000000,,,0.000000000000,0.000000000000,1.000000000000,33.294899943024,31.593440612765,25.728472345940,25.728472345940
2026,00-0034270,Tyler Conklin,TE,6,4.512675141505,1.330769230769,17.300000000000,-73.170000000000,2026-08-28,1.000000000000,0.000000000000,1.000000000000,29.594170888638,30.335431633089,23.789768338350,23.789768338350
2026,00-0034272,Marquez Valdes-Scantling,WR,9,4.388697870453,3.200000000000,32.000000000000,-145.250000000000,2026-08-28,1.000000000000,0.000000000000,1.000000000000,23.178184972383,23.169296528628,22.213094749398,22.293120521335
2026,00-0034348,Courtland Sutton,WR,17,13.260997114460,13.100000000000,222.700000000000,-37.540000000000,2026-08-28,1.000000000000,0.000000000000,0.000000000000,150.444048351983,153.062664734815,153.426659717461,152.536067791077
2026,00-0034351,Dallas Goedert,TE,15,11.453840711542,12.340000000000,185.100000000000,-12.930000000000,2026-08-28,1.000000000000,0.000000000000,0.000000000000,115.448461750340,112.458537716555,112.616905776311,112.616905776311
2026,00-0034365,Ian Thomas,TE,9,1.386412535080,1.626666666667,24.400000000000,-111.200000000000,2026-08-28,0.000000000000,0.000000000000,1.000000000000,14.394917953603,14.070854997221,10.567610953188,10.567610953188
2026,00-0034367,Nyheim Hines,RB,4,-0.050000000000,-0.050000000000,-0.200000000000,,,1.000000000000,0.000000000000,0.000000000000,-2.990031271460,-2.889041405030,4.106632229538,7.210439039350
2026,00-0034383,Dalton Schultz,TE,17,9.331808984217,10.452941176471,177.700000000000,-19.030000000000,2026-08-28,1.000000000000,0.000000000000,0.000000000000,127.313254818192,131.682492915473,119.224465901182,119.224465901182
2026,00-0034386,Justin Watson,WR,3,3.927719604421,2.000000000000,6.000000000000,-168.170000000000,2026-08-28,1.000000000000,0.000000000000,0.000000000000,17.503109369862,17.303086039563,19.377297728292,18.946650883664
2026,00-0034407,Ray-Ray McCloud,WR,6,5.315924657534,2.316666666667,13.900000000000,-193.670000000000,2026-08-28,1.000000000000,0.000000000000,1.000000000000,31.955524112833,31.449233329386,30.565396739070,27.033398608141
2026,00-0034418,Cedrick Wilson Jr.,WR,6,2.590060340099,0.940000000000,9.400000000000,-160.250000000000,2026-08-28,0.000000000000,0.000000000000,1.000000000000,11.362857254422,11.271825216680,7.573195460386,8.453144286021
2026,00-0034419,Braxton Berrios,WR,4,2.241742174629,2.425000000000,9.700000000000,,,1.000000000000,0.000000000000,1.000000000000,8.673901236631,8.939141184621,8.465554449077,8.637516654598
2026,00-0034487,Trent Sherfield,WR,4,0.947777672926,0.425000000000,5.100000000000,-229.000000000000,2026-08-28,1.000000000000,0.000000000000,1.000000000000,3.834060815179,3.785269343681,3.730600973438,5.482587862516
2026,00-0034521,Allen Lazard,WR,9,5.381821454284,2.300000000000,23.000000000000,,,1.000000000000,0.000000000000,0.000000000000,31.764043483309,31.668005327551,33.333058755975,35.337506691861
2026,00-0034577,Kyle Allen,QB,2,-0.048566387296,-0.100000000000,-0.300000000000,-63.000000000000,2026-08-28,1.000000000000,0.000000000000,1.000000000000,2.606859438943,5.563197776105,2.446536188337,5.985070041522
2026,00-0034613,Tanner Hudson,TE,10,3.777775526742,3.186666666667,47.800000000000,-77.830000000000,2026-08-28,1.000000000000,0.000000000000,1.000000000000,30.054525040631,29.127756613750,27.748365347660,27.748365347660
2026,00-0034681,Chase Edmonds,RB,3,1.732311575911,0.000000000000,0.000000000000,,,1.000000000000,0.000000000000,0.000000000000,0.257704643456,0.248717013662,7.194608286286,8.036760358431
2026,00-0034753,Mark Andrews,TE,17,9.388885106383,7.705882352941,131.000000000000,-14.850000000000,2026-08-28,1.000000000000,0.000000000000,0.000000000000,105.884757168748,107.615579430854,103.458455616368,103.458455616368
2026,00-0034771,Mason Rudolph,QB,5,7.764316682375,3.000000000000,15.000000000000,-59.400000000000,2026-08-28,1.000000000000,0.000000000000,0.000000000000,26.531707413772,26.358120439558,25.249330608788,31.561167818327
2026,00-0034775,Christian Kirk,WR,11,6.797605801236,4.453846153846,57.900000000000,-96.180000000000,2026-08-28,1.000000000000,0.000000000000,1.000000000000,55.792720186233,52.947375401995,52.712984881196,48.262323465316
2026,00-0034791,Nick Chubb,RB,15,6.503511622094,5.886666666667,88.300000000000,,,1.000000000000,0.000000000000,0.000000000000,40.400524900833,40.176516673021,49.089302481683,51.480145069483
2026,00-0034796,Lamar Jackson,QB,13,20.948438764252,16.989230769231,220.860000000000,-2.590000000000,2026-08-28,1.000000000000,0.000000000000,0.000000000000,228.863533175566,236.098388845891,224.843691366701,237.779369164299
2026,00-0034798,Durham Smythe,TE,7,1.154985572299,0.382352941176,6.500000000000,-72.710000000000,2026-08-28,1.000000000000,0.000000000000,1.000000000000,13.321387385159,12.614057284018,9.144848657809,9.144848657809
2026,00-0034827,DJ Moore,WR,17,12.469913471461,10.245882352941,174.180000000000,-25.680000000000,2026-08-28,1.000000000000,0.000000000000,0.000000000000,149.144158684316,152.353348498146,151.232666156475,144.703738661554
2026,00-0034829,Mike Gesicki,TE,12,6.161989633536,5.438461538462,70.700000000000,-34.060000000000,2026-08-28,1.000000000000,0.000000000000,0.000000000000,59.239701743865,56.320171680787,60.251116737886,60.251116737886
2026,00-0034837,Calvin Ridley,WR,7,10.678713504711,6.757142857143,47.300000000000,-75.390000000000,2026-08-28,1.000000000000,0.000000000000,0.000000000000,71.788089441483,71.093316216634,74.993794477319,77.415297827629
2026,00-0034844,Saquon Barkley,RB,16,17.559256070260,15.018750000000,240.300000000000,-8.830000000000,2026-08-28,1.000000000000,0.000000000000,0.000000000000,164.510016886826,165.186528811677,188.979245690136,197.553772852268
2026,00-0034854,KhaDarel Hodge,WR,8,1.264642960393,0.508333333333,6.100000000000,,,1.000000000000,0.000000000000,1.000000000000,-1.131561235141,-1.137759652485,-1.097875050933,2.716580169580
2026,00-0034855,Baker Mayfield,QB,17,18.164424863063,16.465882352941,279.920000000000,-18.540000000000,2026-08-28,1.000000000000,0.000000000000,0.000000000000,227.242838672493,231.219355669299,225.153551884042,244.444864811871
2026,00-0034857,Josh Allen,QB,16,22.611355084544,22.154117647059,376.620000000000,-1.040000000000,2026-08-28,1.000000000000,0.000000000000,1.000000000000,296.341639323811,296.255965344067,291.463746993390,314.913277077539
2026,00-0034860,Dante Pettis,WR,8,3.008064516129,2.462500000000,19.700000000000,-193.250000000000,2026-08-28,0.000000000000,0.000000000000,1.000000000000,15.587459419388,15.525876345869,10.068336988706,12.180894859157
2026,00-0034867,Malik Turner,WR,2,0.000000000000,0.000000000000,0.000000000000,,,1.000000000000,0.000000000000,1.000000000000,-0.765462624013,-0.810303561947,-0.906289385844,2.301660082795
2026,00-0034869,Sam Darnold,QB,17,14.582823829787,14.495294117647,246.420000000000,-22.490000000000,2026-08-28,1.000000000000,0.000000000000,0.000000000000,176.304577294164,177.473211284511,178.904649580871,188.678537575022
2026,00-0034928,Steven Sims,WR,3,0.191250352808,0.000000000000,0.000000000000,,,1.000000000000,0.000000000000,0.000000000000,2.045689398555,2.130829546125,2.367370165806,6.203471786686
2026,00-0034955,Brett Rypien,QB,1,0.900903426791,0.000000000000,0.000000000000,,,0.000000000000,0.000000000000,1.000000000000,-0.000000000000,-0.162151338577,-0.000000000000,1.674775174025
2026,00-0034960,Jakobi Meyers,WR,16,12.437966655208,10.987500000000,175.800000000000,-44.840000000000,2026-08-28,1.000000000000,0.000000000000,0.000000000000,158.219157011533,130.119299019491,157.573077274237,151.709718009214
2026,00-0034975,Justice Hill,RB,10,7.484549588566,6.820000000000,68.200000000000,-69.560000000000,2026-08-28,1.000000000000,0.000000000000,0.000000000000,50.260807405666,47.870668709938,55.057417424021,53.617000881941
2026,00-0034981,Foster Moreau,TE,7,3.363967855349,1.172727272727,12.900000000000,-73.290000000000,2026-08-28,1.000000000000,0.000000000000,1.000000000000,27.486343034001,26.485201361880,25.323359097051,25.323359097051
2026,00-0034983,Hunter Renfrow,WR,6,4.538590980480,5.983333333333,35.900000000000,,,1.000000000000,0.000000000000,0.000000000000,30.994025050991,30.598445032218,33.391630533513,34.225086099465
2026,00-0035021,Ashton Dulin,WR,12,1.590617283951,1.666666666667,20.000000000000,-129.600000000000,2026-08-28,1.000000000000,0.000000000000,0.000000000000,17.625121835937,17.388512919166,18.232119526215,18.937457221549
2026,00-0035100,Jake Browning,QB,5,10.674377167245,10.748000000000,53.740000000000,-59.290000000000,2026-08-28,1.000000000000,0.000000000000,1.000000000000,40.155565173155,38.946066851377,40.069803344733,42.780626672585
2026,00-0035140,Mecole Hardman,WR,2,2.233431146510,0.000000000000,0.000000000000,-192.670000000000,2026-08-28,0.000000000000,0.000000000000,1.000000000000,9.657401277424,9.710496779876,5.412740660765,7.398617137794
2026,00-0035208,Olamide Zaccheaus,WR,14,5.261490530458,5.300000000000,84.800000000000,-114.350000000000,2026-08-28,1.000000000000,0.000000000000,1.000000000000,64.542629775523,57.763007504864,60.865709182750,58.731740172354
2026,00-0035228,Kyler Murray,QB,5,17.390632081097,15.556000000000,77.780000000000,-16.660000000000,2026-08-28,1.000000000000,0.000000000000,1.000000000000,127.045606899555,123.351813933233,123.979954074735,131.194355673577
2026,00-0035229,T.J. Hockenson,TE,15,9.051323015477,7.520000000000,112.800000000000,-22.060000000000,2026-08-28,1.000000000000,0.000000000000,0.000000000000,94.406895697106,93.378809937279,89.692599632223,89.692599632223
2026,00-0035243,Miles Sanders,RB,4,6.428072531901,6.675000000000,26.700000000000,-131.330000000000,2026-08-28,1.000000000000,0.000000000000,0.000000000000,33.545689893486,31.701108449614,41.835942085737,53.876541817477
2026,00-0035249,Josh Oliver,TE,12,3.779633706084,3.666666666667,55.000000000000,-63.100000000000,2026-08-28,1.000000000000,0.000000000000,0.000000000000,46.078372116641,46.521415492408,43.527594573631,43.527594573631
2026,00-0035250,Devin Singletary,RB,17,6.993513202270,6.400000000000,108.800000000000,-87.280000000000,2026-08-28,1.000000000000,0.000000000000,0.000000000000,68.525464125777,62.978276814354,69.496830257900,62.921405563219
2026,00-0035261,Tony Pollard,RB,17,11.845245212895,11.105882352941,188.800000000000,-30.270000000000,2026-08-28,1.000000000000,0.000000000000,0.000000000000,109.764821863188,109.224721232198,122.091449906545,123.789952374114
2026,00-0035264,Jarrett Stidham,QB,1,2.569529163739,-0.100000000000,-0.100000000000,-53.860000000000,2026-08-28,1.000000000000,0.000000000000,0.000000000000,6.371527940916,9.750389787585,6.136870754835,10.626712300409
2026,00-0035289,Gardner Minshew,QB,4,7.948028000683,-0.080000000000,-0.320000000000,-53.450000000000,2026-08-28,1.000000000000,0.000000000000,1.000000000000,31.129529434255,29.256792768863,27.927697371114,34.776218357876
2026,00-0035291,Trayveon Williams,RB,6,1.005339071769,2.442857142857,17.100000000000,-143.000000000000,2026-08-28,1.000000000000,0.000000000000,1.000000000000,7.074313271682,6.807441400990,8.956828687753,5.683917578204
2026,00-0035298,Scott Miller,WR,5,1.327379658001,1.169230769231,15.200000000000,-167.400000000000,2026-08-28,1.000000000000,0.000000000000,1.000000000000,12.590460918721,12.441598534177,12.118988743612,9.069142038727
2026,00-0035311,Myles Gaskin,RB,1,0.453333333333,0.600000000000,0.600000000000,,,1.000000000000,0.000000000000,0.000000000000,0.007119142711,0.007003292883,6.154084995519,6.581273337672
2026,00-0035359,David Sills,WR,12,2.888235294118,2.888235294118,49.100000000000,-164.500000000000,2026-08-28,1.000000000000,0.000000000000,1.000000000000,21.578316825305,21.962662665021,20.561369209920,20.704850028023
2026,00-0035406,Lil'Jordan Humphrey,WR,7,3.521506583648,3.460000000000,34.600000000000,-158.000000000000,2026-08-28,1.000000000000,0.000000000000,1.000000000000,33.226520859540,33.137233433732,34.777805377757,32.557521645834
2026,00-0035500,Greg Dortch,WR,12,5.508829705995,6.258333333333,75.100000000000,-133.540000000000,2026-08-28,1.000000000000,0.000000000000,1.000000000000,64.119734199398,59.063448679638,60.540701465145,55.841022259327
2026,00-0035535,Darius Slayton,WR,14,7.422295785989,7.057142857143,98.800000000000,-96.370000000000,2026-08-28,1.000000000000,0.000000000000,0.000000000000,77.811402459311,78.615951135115,80.154738163367,76.345041989536
2026,00-0035537,Ty Johnson,RB,17,5.604629787234,6.076470588235,103.300000000000,-75.070000000000,2026-08-28,1.000000000000,0.000000000000,0.000000000000,53.470421251946,49.734045786713,55.653605323501,56.820125959197
2026,00-0035544,Tom Kennedy,WR,6,0.926829268293,1.266666666667,7.600000000000,-218.000000000000,2026-08-28,1.000000000000,0.000000000000,0.000000000000,5.397925005716,5.477132116168,6.027053271654,8.740726636414
2026,00-0035567,Craig Reynolds,RB,5,0.998208677446,0.057142857143,0.400000000000,-138.500000000000,2026-08-28,1.000000000000,0.000000000000,1.000000000000,-2.267739981809,-2.160515885016,1.410119282316,-5.081640507679
2026,00-0035594,Travis Homer,RB,8,0.163225172075,-0.020000000000,-0.200000000000,-129.750000000000,2026-08-28,1.000000000000,0.000000000000,1.000000000000,1.765836822331,1.721923266018,4.261323912857,1.231026296915
2026,00-0035602,Alex Bachman,WR,11,0.458391608392,0.290909090909,3.200000000000,-230.000000000000,2026-08-28,1.000000000000,0.000000000000,1.000000000000,2.451167184818,2.460162444105,2.606602830748,6.032987046709
2026,00-0035628,D'Ernest Johnson,RB,5,1.572364159770,0.312500000000,2.500000000000,,,1.000000000000,0.000000000000,1.000000000000,-1.122561578882,-1.068012607572,2.382517428584,-4.593876302290
2026,00-0035631,Drew Sample,TE,12,2.133547670080,1.876470588235,31.900000000000,-72.400000000000,2026-08-28,1.000000000000,0.000000000000,0.000000000000,29.731626762253,30.095805972428,26.462953871709,26.462953871709
2026,00-0035639,Parris Campbell,WR,1,2.363956639566,0.000000000000,0.000000000000,,,0.000000000000,0.000000000000,1.000000000000,9.072166627932,9.226022700766,4.842387543819,7.197874564098
2026,00-0035640,DK Metcalf,WR,15,13.091883232467,12.680000000000,190.200000000000,-36.170000000000,2026-08-28,1.000000000000,0.000000000000,0.000000000000,155.356207669166,156.869710360021,158.317697539348,159.296281668033
2026,00-0035644,Noah Fant,TE,13,5.538421477956,4.986666666667,74.800000000000,-51.740000000000,2026-08-28,1.000000000000,0.000000000000,1.000000000000,63.992938749566,65.321231554905,65.317754423448,65.317754423448
2026,00-0035645,Gunner Olszewski,WR,16,1.901808456444,2.238750000000,35.820000000000,,,1.000000000000,1.000000000000,1.000000000000,22.006796388381,20.250116177894,22.413304916589,16.089997671149
2026,00-0035659,Terry McLaurin,WR,10,13.375849749923,11.720000000000,117.200000000000,-23.640000000000,2026-08-28,1.000000000000,0.000000000000,0.000000000000,105.210733212226,98.473742968148,111.462336355296,117.354723692080
2026,00-0035662,Marquise Brown,WR,16,8.830642137333,8.606250000000,137.700000000000,-105.430000000000,2026-08-28,0.000000000000,0.000000000000,1.000000000000,102.851836987013,86.033642573328,78.324779542238,75.164255084123
2026,00-0035676,A.J. Brown,WR,15,15.786626362554,14.686666666667,220.300000000000,-8.540000000000,2026-08-28,0.000000000000,0.000000000000,1.000000000000,188.613307685319,191.163737043347,144.838015422301,135.252355566023
2026,00-0035685,David Montgomery,RB,17,12.201710730949,9.818823529412,166.920000000000,-22.150000000000,2026-08-28,1.000000000000,0.000000000000,0.000000000000,104.012401078817,103.180668000550,104.094921587605,95.479688681463
2026,00-0035689,Dawson Knox,TE,16,5.189313625552,6.100000000000,103.700000000000,-45.530000000000,2026-08-28,1.000000000000,0.000000000000,0.000000000000,74.104772127063,73.676455370008,69.056722973936,69.056722973936
2026,00-0035700,Josh Jacobs,RB,15,16.122876336957,15.940000000000,239.100000000000,-16.980000000000,2026-08-28,1.000000000000,0.000000000000,1.000000000000,158.349948563829,157.810476926342,178.565865297326,175.424310617643
2026,00-0035704,Drew Lock,QB,3,5.253138548539,0.020000000000,0.100000000000,-63.400000000000,2026-08-28,1.000000000000,0.000000000000,0.000000000000,13.809369089938,15.289003475602,13.748244826788,17.783297378978
2026,00-0035710,Daniel Jones,QB,13,15.657661826237,17.418461538462,226.440000000000,-23.190000000000,2026-08-28,1.000000000000,0.000000000000,0.000000000000,158.074599936438,160.659298933305,151.957097747557,168.863976969792
2026,00-0035719,Deebo Samuel Sr.,WR,16,12.202058184976,11.762500000000,188.200000000000,-56.260000000000,2026-08-28,1.000000000000,0.000000000000,1.000000000000,136.521394805065,133.502660943965,129.028846976359,124.728244058470
2026,00-0035726,Jakob Johnson,RB,2,0.052890919928,0.000000000000,0.000000000000,,,1.000000000000,0.000000000000,0.000000000000,0.000000000000,0.173269893354,5.068826226795,2.353875429698
2026,00-0035876,Andre Baccellia,WR,4,0.429942418426,0.560000000000,2.800000000000,,,0.000000000000,0.000000000000,1.000000000000,3.429131841189,3.496979391494,1.914324964905,4.153537645975
2026,00-0035891,Cody White,WR,8,2.189285714286,2.333333333333,21.000000000000,-194.330000000000,2026-08-28,1.000000000000,0.000000000000,1.000000000000,18.714858753986,18.501389701712,19.923893481209,19.340550648935
2026,00-0035956,Giovanni Ricci,TE,2,0.080443213296,0.000000000000,0.000000000000,,,1.000000000000,0.000000000000,0.000000000000,1.262692067002,1.236044136605,-0.839818059285,-0.839818059285
2026,00-0035993,Tyler Huntley,QB,5,8.772259109312,8.028000000000,40.140000000000,-55.000000000000,2026-08-28,1.000000000000,0.000000000000,0.000000000000,29.925978122060,29.432649946539,28.746860522475,34.081173647082
2026,00-0036040,Juwan Johnson,TE,17,9.148006274251,10.582352941176,179.900000000000,-15.330000000000,2026-08-28,1.000000000000,0.000000000000,0.000000000000,125.665078194605,129.671021840580,120.658022352389,120.658022352389
2026,00-0036133,James Proche,WR,6,0.901620029455,1.388888888889,12.500000000000,,,1.000000000000,0.000000000000,0.000000000000,6.690979154580,6.694164587403,7.338979276503,9.255872918397
2026,00-0036139,Rico Dowdle,RB,17,11.513340404700,12.723529411765,216.300000000000,-31.190000000000,2026-08-28,1.000000000000,0.000000000000,0.000000000000,130.889015910468,130.260247142020,129.781099476990,129.730254292128
2026,00-0036158,J.K. Dobbins,RB,10,12.951110156138,11.590000000000,115.900000000000,-34.400000000000,2026-08-28,0.000000000000,0.000000000000,1.000000000000,87.664014834522,81.578657210381,72.615272941280,45.354092876852
2026,00-0036165,Isaiah Hodgins,WR,6,3.437375385173,3.928571428571,27.500000000000,-181.600000000000,2026-08-28,1.000000000000,0.000000000000,0.000000000000,26.843632753295,26.381822941503,28.781002267343,24.671618846702
2026,00-0036176,Mason Kinsey,WR,6,0.616539861065,0.680000000000,6.800000000000,-203.670000000000,2026-08-28,1.000000000000,0.000000000000,0.000000000000,7.034603691933,6.999454576103,7.658125061499,7.976836030081
2026,00-0036182,Nick Westbrook-Ikhine,WR,13,4.264386916215,1.326666666667,19.900000000000,-125.760000000000,2026-08-28,1.000000000000,0.000000000000,1.000000000000,36.947723693028,34.361419748356,34.923702788795,32.664660786116
2026,00-0036187,Reggie Gilliam,RB,11,0.183540347125,0.282352941176,4.800000000000,-114.800000000000,2026-08-28,1.000000000000,0.000000000000,1.000000000000,8.262107976162,7.615564671396,18.545634324997,23.661691946227
2026,00-0036196,Gabe Davis,WR,6,6.626167943518,5.150000000000,30.900000000000,,,1.000000000000,1.000000000000,1.000000000000,51.283866605599,50.308774249256,53.842476479869,37.819692159081
2026,00-0036212,Tua Tagovailoa,QB,14,14.107389103900,11.764285714286,164.700000000000,-31.610000000000,2026-08-28,1.000000000000,0.000000000000,1.000000000000,144.776138970050,142.678108715359,140.634434187526,149.227869153670
2026,00-0036223,Jonathan Taylor,RB,17,20.057745716862,21.782352941176,370.300000000000,-4.560000000000,2026-08-28,1.000000000000,0.000000000000,1.000000000000,240.366284920499,238.823265093602,236.285483592973,239.526496760524
2026,00-0036232,Harrison Bryant,TE,5,0.981568385304,0.225000000000,2.700000000000,,,0.000000000000,0.000000000000,1.000000000000,7.642020310438,7.703218935073,2.218705715444,2.218705715444
2026,00-0036244,Colby Parkinson,TE,14,6.253598372468,8.653333333333,129.800000000000,-33.230000000000,2026-08-28,1.000000000000,0.000000000000,0.000000000000,84.910804907284,83.788857643675,78.813358445130,78.813358445130
2026,00-0036252,Michael Pittman,WR,17,12.101436031332,11.905882352941,202.400000000000,-36.840000000000,2026-08-28,1.000000000000,0.000000000000,0.000000000000,162.421074010697,149.883579148384,163.037293631193,152.094327755158
2026,00-0036259,Jauan Jennings,WR,15,11.281293111377,11.686666666667,175.300000000000,-64.480000000000,2026-08-28,1.000000000000,0.000000000000,1.000000000000,147.932992038949,122.620360635386,138.735320552587,126.518518124834
2026,00-0036264,Jordan Love,QB,15,16.612790349564,16.142666666667,242.140000000000,-18.480000000000,2026-08-28,1.000000000000,0.000000000000,0.000000000000,189.887056265662,191.839338295643,180.832025004182,206.966688422717
2026,00-0036265,AJ Dillon,RB,6,3.872069339112,1.300000000000,9.100000000000,-146.000000000000,2026-08-28,1.000000000000,0.000000000000,0.000000000000,18.204052173931,17.532429637870,23.119578294778,20.469298289845
2026,00-0036275,D'Andre Swift,RB,16,13.630780059622,14.475000000000,231.600000000000,-19.700000000000,2026-08-28,1.000000000000,0.000000000000,0.000000000000,149.077535051254,150.599784379295,155.579272346846,166.263732989753
2026,00-0036290,Cole Kmet,TE,16,6.549241616791,4.918750000000,78.700000000000,-43.090000000000,2026-08-28,1.000000000000,0.000000000000,0.000000000000,80.731549905110,78.912942153642,76.775494817454,76.775494817454
2026,00-0036309,Darnell Mooney,WR,15,7.605725628584,5.620000000000,84.300000000000,-81.400000000000,2026-08-28,1.000000000000,0.000000000000,1.000000000000,87.771526351305,75.244088999515,82.474339955849,73.284771176484
2026,00-0036322,Justin Jefferson,WR,17,15.029344680851,11.852941176471,201.500000000000,-5.850000000000,2026-08-28,1.000000000000,0.000000000000,1.000000000000,185.279353295619,182.075541388096,174.836974150559,172.660243564691
2026,00-0036328,Antonio Gibson,RB,5,6.180745179781,4.640000000000,23.200000000000,-113.800000000000,2026-08-28,0.000000000000,0.000000000000,1.000000000000,38.649902886786,37.185186785953,32.807111392768,31.661048179655
2026,00-0036331,Devin Duvernay,WR,17,0.618472358230,0.270588235294,4.600000000000,-193.330000000000,2026-08-28,1.000000000000,0.000000000000,1.000000000000,11.012483369843,9.906384834346,10.360673455785,6.201710884933
2026,00-0036332,Josiah Deguara,TE,7,0.722390317700,0.925000000000,11.100000000000,-137.330000000000,2026-08-28,1.000000000000,0.000000000000,1.000000000000,9.373971159723,9.585448447160,3.739439208156,3.739439208156
2026,00-0036355,Justin Herbert,QB,16,17.860186117989,18.117500000000,289.880000000000,-8.250000000000,2026-08-28,1.000000000000,0.000000000000,0.000000000000,221.159572673214,226.940414452936,214.539880868581,238.447010188664
2026,00-0036358,CeeDee Lamb,WR,13,17.360609655928,14.564285714286,203.900000000000,-5.660000000000,2026-08-28,1.000000000000,0.000000000000,1.000000000000,199.667101782157,201.227839766835,202.819364957532,190.472347695243
2026,00-0036360,Clyde Edwards-Helaire,RB,2,4.046513911620,2.100000000000,4.200000000000,,,1.000000000000,0.000000000000,0.000000000000,19.227812936250,18.120877178947,27.379843230671,28.500053093943
2026,00-0036389,Jalen Hurts,QB,16,20.279971081058,19.253750000000,308.060000000000,-5.860000000000,2026-08-28,1.000000000000,0.000000000000,0.000000000000,251.252313718727,253.400837739438,245.226928889362,275.481757166677
2026,00-0036407,Jerry Jeudy,WR,17,9.695078550818,7.276470588235,123.700000000000,-65.340000000000,2026-08-28,1.000000000000,0.000000000000,0.000000000000,112.938047207321,115.265042585865,115.079459809735,111.251338630723
2026,00-0036410,Tee Higgins,WR,15,15.195659928656,14.506666666667,217.600000000000,-18.560000000000,2026-08-28,1.000000000000,0.000000000000,0.000000000000,188.618401494897,173.880979496066,189.741679253289,180.148388442530
2026,00-0036414,Cam Akers,RB,4,4.864538293950,1.795000000000,7.180000000000,-159.500000000000,2026-08-28,0.000000000000,0.000000000000,1.000000000000,26.885725058451,25.623836046223,21.578291307147,13.005502147949
2026,00-0036415,Van Jefferson,WR,14,3.852529310486,4.375000000000,70.000000000000,-142.200000000000,2026-08-28,1.000000000000,0.000000000000,1.000000000000,41.787263226142,39.069197973846,39.521714686480,35.202441139124
2026,00-0036422,Adam Trautman,TE,13,2.789902357704,2.676470588235,45.500000000000,-64.000000000000,2026-08-28,1.000000000000,0.000000000000,0.000000000000,39.992331057936,41.177553592584,33.322653131390,33.322653131390
2026,00-0036423,Albert Okwuegbunam,TE,1,3.891402714932,8.600000000000,8.600000000000,-106.250000000000,2026-08-28,1.000000000000,0.000000000000,1.000000000000,35.975848777218,34.419993086995,37.553223101265,37.553223101265
2026,00-0036425,DeeJay Dallas,RB,5,0.846187629621,0.350000000000,2.100000000000,-151.330000000000,2026-08-28,1.000000000000,0.000000000000,1.000000000000,5.759967103264,5.525879158000,9.770632397317,9.577398424973
2026,00-0036427,Tyler Johnson,WR,9,3.598929570612,3.141666666667,37.700000000000,-164.000000000000,2026-08-28,1.000000000000,0.000000000000,1.000000000000,32.685307616461,32.664427387931,31.032473428291,26.977826488198
2026,00-0036429,Charlie Woerner,TE,7,0.680471842934,0.752941176471,12.800000000000,-102.200000000000,2026-08-28,1.000000000000,0.000000000000,0.000000000000,15.460836380635,14.824486304078,9.770549816187,9.770549816187
2026,00-0036442,Joe Burrow,QB,8,19.584878527607,16.807500000000,134.460000000000,-4.480000000000,2026-08-28,1.000000000000,0.000000000000,0.000000000000,182.131998466629,182.442337287634,179.859922000344,199.307984459048
2026,00-0036463,Chris Blair,WR,1,0.285576923077,0.000000000000,0.000000000000,-160.250000000000,2026-08-28,1.000000000000,0.000000000000,1.000000000000,3.050429839318,3.176493998658,3.566644496201,5.045239242406
2026,00-0036497,Tim Jones,WR,2,0.662065702312,0.625000000000,2.500000000000,,,1.000000000000,0.000000000000,1.000000000000,6.465040861042,6.422007704473,6.297986068888,6.046515662036
2026,00-0036527,DJ Turner,WR,1,2.438117647059,0.000000000000,0.000000000000,,,1.000000000000,0.000000000000,1.000000000000,7.899888532751,8.120441117846,7.748911109450,9.385951611899
2026,00-0036534,Shane Zylstra,TE,1,0.536507936508,0.833333333333,5.000000000000,-142.330000000000,2026-08-28,0.000000000000,0.000000000000,1.000000000000,5.058504988522,4.956183382995,2.663783113229,2.663783113229
2026,00-0036550,Rashod Bateman,WR,13,6.541789260758,4.261538461538,55.400000000000,-82.800000000000,2026-08-28,1.000000000000,0.000000000000,0.000000000000,64.548625094854,64.793464700364,66.687516166406,65.523819586232
2026,00-0036554,Nico Collins,WR,15,16.461635581062,15.480000000000,232.200000000000,-9.690000000000,2026-08-28,1.000000000000,0.000000000000,0.000000000000,199.034679091309,199.426987548415,201.535061262043,190.397410779150
2026,00-0036555,Chuba Hubbard,RB,15,11.041164039799,8.360000000000,125.400000000000,-34.100000000000,2026-08-28,1.000000000000,0.000000000000,0.000000000000,103.579523257463,102.392796895174,105.097663481541,115.969445445145
2026,00-0036567,Elijah Mitchell,RB,1,3.320335066436,0.000000000000,0.000000000000,-118.000000000000,2026-08-28,1.000000000000,0.000000000000,1.000000000000,9.909241241111,9.333689978146,11.468483274962,6.542479908495
2026,00-0036569,Gary Brightwell,RB,2,0.672544321993,0.000000000000,0.000000000000,-139.250000000000,2026-08-28,0.000000000000,0.000000000000,1.000000000000,1.857498229377,1.799216219617,4.079771384594,0.300061129345
2026,00-0036590,Quintin Morris,TE,11,1.051175125743,1.250000000000,17.500000000000,-134.670000000000,2026-08-28,1.000000000000,0.000000000000,0.000000000000,14.174883665001,13.514103290562,9.682842065808,9.682842065808
2026,00-0036613,Jaylen Waddle,WR,16,11.984693698438,12.382500000000,198.120000000000,-17.950000000000,2026-08-28,1.000000000000,0.000000000000,1.000000000000,155.601664333793,146.145794242558,156.789128408929,146.972382874139
2026,00-0036620,Dee Eskridge,WR,11,0.823600799543,0.784615384615,10.200000000000,,,1.000000000000,0.000000000000,0.000000000000,8.271334197634,8.265527996197,8.719324951011,12.181694551470
2026,00-0036626,Dyami Brown,WR,11,3.523142166950,3.550000000000,49.700000000000,-133.820000000000,2026-08-28,1.000000000000,0.000000000000,1.000000000000,39.357838214733,37.845108326352,37.297296371412,33.344944036724
2026,00-0036628,John Bates,TE,10,1.543960328897,1.820000000000,27.300000000000,-58.000000000000,2026-08-28,1.000000000000,0.000000000000,0.000000000000,24.635671802852,24.373617442828,21.309119679805,21.309119679805
2026,00-0036630,Tylan Wallace,WR,11,1.445609596102,1.035714285714,14.500000000000,-208.250000000000,2026-08-28,1.000000000000,0.000000000000,1.000000000000,16.635617555265,16.532430286544,15.789704508972,12.752186015470
2026,00-0036637,Noah Gray,TE,14,4.016446667213,2.425000000000,38.800000000000,-44.830000000000,2026-08-28,1.000000000000,0.000000000000,0.000000000000,47.303177931552,49.115772776659,45.777387266633,45.777387266633
2026,00-0036646,Simi Fehoko,WR,7,0.810393950053,0.000000000000,0.000000000000,-196.330000000000,2026-08-28,1.000000000000,0.000000000000,1.000000000000,6.621393677544,6.579957258716,7.160492195781,7.230258903919
2026,00-0036679,Shane Buechele,QB,1,3.920000000000,3.920000000000,3.920000000000,-88.670000000000,2026-08-28,1.000000000000,0.000000000000,1.000000000000,1.643613556921,1.904275161199,1.516165937539,2.739004540733
2026,00-0036741,Jack Stoll,TE,9,0.798396487544,1.106666666667,16.600000000000,-110.330000000000,2026-08-28,0.000000000000,0.000000000000,1.000000000000,11.363796629591,11.304635758843,9.352061051200,9.352061051200
2026,00-0036754,Brock Wright,TE,8,2.625594874924,3.345454545455,36.800000000000,-73.860000000000,2026-08-28,1.000000000000,0.000000000000,0.000000000000,30.163414194461,29.208586075118,27.179191709668,27.179191709668
2026,00-0036755,Jaret Patterson,RB,6,4.283333333333,4.283333333333,25.700000000000,-125.600000000000,2026-08-28,1.000000000000,0.000000000000,0.000000000000,33.870505044037,32.785270612616,35.506002242906,27.359872564939
2026,00-0036825,Feleipe Franks,TE,10,0.062403100775,0.023529411765,0.400000000000,,,1.000000000000,0.000000000000,0.000000000000,2.704548834276,2.695015189121,-1.630033379428,-1.630033379428
2026,00-0036841,Austin Trammell,WR,6,1.140232660228,1.266666666667,7.600000000000,-209.500000000000,2026-08-28,1.000000000000,0.000000000000,1.000000000000,9.592231083893,9.560031080445,10.511652089295,11.196505951294
2026,00-0036842,Kene Nwangwu,RB,10,0.922310001580,0.908333333333,10.900000000000,-120.000000000000,2026-08-28,1.000000000000,0.000000000000,1.000000000000,5.086128933842,4.978826878977,10.368887694941,14.687127042861
2026,00-0036849,Tutu Atwell,WR,8,5.068044646548,3.420000000000,34.200000000000,-122.820000000000,2026-08-28,1.000000000000,0.000000000000,1.000000000000,44.589705102328,44.652997237644,42.392197834839,39.326516017199
2026,00-0036862,Ben Skowronek,WR,16,1.083431310482,0.994117647059,16.900000000000,-177.200000000000,2026-08-28,1.000000000000,0.000000000000,0.000000000000,15.397548466557,14.079079479215,15.658793145431,13.069720227005
2026,00-0036875,Rhamondre Stevenson,RB,14,12.385113987635,12.771428571429,178.800000000000,-27.350000000000,2026-08-28,1.000000000000,0.000000000000,0.000000000000,106.772142969018,102.986274926338,122.081678170421,136.309726353263
2026,00-0036876,Kylen Granson,TE,12,1.644435451234,0.647058823529,11.000000000000,-103.400000000000,2026-08-28,1.000000000000,0.000000000000,1.000000000000,17.023694312535,16.028381911983,11.886233336040,11.886233336040
2026,00-0036887,Luke Farrell,TE,13,1.537072318806,1.735294117647,29.500000000000,-92.800000000000,2026-08-28,1.000000000000,0.000000000000,0.000000000000,22.289197509027,20.721516421576,13.721784302775,13.721784302775
2026,00-0036893,Najee Harris,RB,3,10.476990138631,3.866666666667,11.600000000000,-74.070000000000,2026-08-28,1.000000000000,0.000000000000,1.000000000000,48.527581054701,44.016743332411,48.157189817826,41.563619984276
2026,00-0036894,Pat Freiermuth,TE,15,7.788425617078,6.858823529412,116.600000000000,-27.710000000000,2026-08-28,1.000000000000,0.000000000000,0.000000000000,92.841250635821,93.380569636498,88.180210584892,88.180210584892
2026,00-0036898,Davis Mills,QB,6,7.914083874189,11.433333333333,68.600000000000,-53.130000000000,2026-08-28,1.000000000000,0.000000000000,0.000000000000,31.287230167392,30.700341629312,29.995126140494,37.186052032736
2026,00-0036900,Ja'Marr Chase,WR,16,20.879274594237,19.787500000000,316.600000000000,-1.180000000000,2026-08-28,1.000000000000,0.000000000000,0.000000000000,294.180741815107,274.771825240388,293.991330895515,281.347336258100
2026,00-0036906,Khalil Herbert,RB,5,3.344272937103,1.100000000000,6.600000000000,-103.000000000000,2026-08-28,1.000000000000,0.000000000000,1.000000000000,14.778745215163,14.126996807425,15.587056583293,9.702237139399
2026,00-0036912,DeVonta Smith,WR,17,13.329648154536,12.047058823529,204.800000000000,-13.530000000000,2026-08-28,1.000000000000,0.000000000000,1.000000000000,164.275575156227,165.086427618998,155.142471387409,142.629652843033
2026,00-0036919,Kenny Gainwell,RB,17,9.207677140109,13.135294117647,223.300000000000,-34.430000000000,2026-08-28,1.000000000000,0.000000000000,0.000000000000,117.813965381678,117.999918805942,124.668857126714,139.759827156973
2026,00-0036924,Michael Carter,RB,13,7.112807817590,7.615384615385,99.000000000000,-100.930000000000,2026-08-28,1.000000000000,0.000000000000,1.000000000000,68.572659709508,64.258374889830,62.563544890904,51.343317763011
2026,00-0036945,Justin Fields,QB,9,15.427855689679,16.295555555556,146.660000000000,-39.870000000000,2026-08-28,1.000000000000,0.000000000000,1.000000000000,102.488159771653,97.925690982735,106.477289561627,109.396145291129
2026,00-0036950,Avery Williams,RB,1,0.000000000000,0.000000000000,0.000000000000,,,1.000000000000,0.000000000000,1.000000000000,0.612866739120,0.588662558747,5.228707572309,4.584866755536
2026,00-0036959,Michael Bandy,WR,4,3.486345148170,3.750000000000,15.000000000000,-185.000000000000,2026-08-28,1.000000000000,0.000000000000,1.000000000000,24.150659603067,23.741035094627,26.327204629714,25.943856623123
2026,00-0036963,Amon-Ra St. Brown,WR,17,19.289956716896,19.058823529412,324.000000000000,-3.630000000000,2026-08-28,1.000000000000,0.000000000000,0.000000000000,276.150554275433,258.490076600634,275.993616290753,255.940711317858
2026,00-0036970,Kyle Pitts,TE,17,10.338755259189,12.400000000000,210.800000000000,-6.790000000000,2026-08-28,1.000000000000,0.000000000000,1.000000000000,149.258039210645,152.478113146718,151.978485312798,151.978485312798
2026,00-0036971,Trevor Lawrence,QB,17,18.450470007315,20.010588235294,340.180000000000,-9.350000000000,2026-08-28,1.000000000000,0.000000000000,0.000000000000,228.332966207307,229.323279864588,225.378746652115,249.309600684904
2026,00-0036972,Mac Jones,QB,11,11.076913377884,12.003636363636,132.040000000000,-38.180000000000,2026-08-28,1.000000000000,0.000000000000,1.000000000000,74.821387261276,69.294697235597,72.926989736445,77.718812718140
2026,00-0036973,Travis Etienne,RB,17,13.712297441803,15.170588235294,257.900000000000,-16.990000000000,2026-08-28,1.000000000000,0.000000000000,0.000000000000,153.881675352915,157.488538076365,170.954235326176,202.308288041202
2026,00-0036980,Elijah Moore,WR,9,5.748866659572,3.177777777778,28.600000000000,-150.400000000000,2026-08-28,1.000000000000,0.000000000000,1.000000000000,49.681493653333,48.301870381114,47.106498672471,43.168490017349
2026,00-0036984,Trey Sermon,RB,3,2.031887972704,0.000000000000,0.000000000000,,,1.000000000000,1.000000000000,1.000000000000,9.229346458451,8.751217606636,8.333897538673,-0.286095810940
2026,00-0036988,Josh Palmer,WR,12,6.210708915145,4.358333333333,52.300000000000,-111.210000000000,2026-08-28,1.000000000000,1.000000000000,1.000000000000,59.659605313970,54.607838277483,60.863612955767,47.774028755405
2026,00-0036997,Javonte Williams,RB,16,12.714574362372,15.175000000000,242.800000000000,-15.860000000000,2026-08-28,1.000000000000,0.000000000000,1.000000000000,156.589322635331,159.977770303101,165.834525732322,180.027295184418
2026,00-0037004,Hunter Long,TE,7,2.195807770961,3.611111111111,32.500000000000,-131.750000000000,2026-08-28,1.000000000000,0.000000000000,1.000000000000,24.226294642488,23.951443866563,20.518473934989,20.518473934989
2026,00-0037005,Tommy Tremble,TE,15,3.979992967651,3.758823529412,63.900000000000,-52.260000000000,2026-08-28,1.000000000000,0.000000000000,0.000000000000,50.112954703322,49.259461215734,47.877990639336,47.877990639336
2026,00-0037012,Trey Lance,QB,4,3.314032258065,3.385000000000,13.540000000000,-50.570000000000,2026-08-28,1.000000000000,0.000000000000,1.000000000000,12.273797230079,13.626621176697,11.740335126878,18.056471639947
2026,00-0037013,Zach Wilson,QB,4,5.173899082569,0.345000000000,1.380000000000,-78.600000000000,2026-08-28,1.000000000000,0.000000000000,1.000000000000,2.640065022746,2.170245495766,2.299399305688,5.390797602245
2026,00-0037015,Sal Cannella,TE,2,1.550000000000,1.550000000000,3.100000000000,,,0.000000000000,0.000000000000,1.000000000000,10.469423637859,10.169508949715,7.866152859339,7.866152859339
2026,00-0037031,Nikola Kalinic,TE,2,0.000000000000,0.000000000000,0.000000000000,,,1.000000000000,1.000000000000,1.000000000000,1.175599320222,1.152459093150,-1.090157864117,-1.090157864117
2026,00-0037085,Tyler Badie,RB,16,2.298583569405,2.212500000000,35.400000000000,-130.400000000000,2026-08-28,1.000000000000,0.000000000000,0.000000000000,23.816038723667,22.630211889824,24.923008577648,21.991268100450
2026,00-0037086,Grant Calcaterra,TE,9,2.003626135872,1.506666666667,22.600000000000,-103.000000000000,2026-08-28,1.000000000000,0.000000000000,0.000000000000,21.389530763335,20.983324287674,17.418180303425,17.418180303425
2026,00-0037091,Bo Melton,WR,13,2.198418019906,2.015384615385,26.200000000000,-167.750000000000,2026-08-28,1.000000000000,0.000000000000,1.000000000000,24.768456356705,23.504543087747,25.425740344209,22.746269640221
2026,00-0037093,Dareke Young,WR,8,0.367269781258,0.755555555556,6.800000000000,-199.670000000000,2026-08-28,1.000000000000,0.000000000000,0.000000000000,6.906409878606,6.872825032626,7.395207213765,8.126890932556
2026,00-0037098,Samori Toure,WR,1,1.544656268053,1.300000000000,1.300000000000,,,1.000000000000,0.000000000000,1.000000000000,9.236256102539,9.346336335642,9.031896986886,8.160494227754
2026,00-0037112,Jake Tonges,TE,10,3.616279069767,5.488235294118,93.300000000000,-37.420000000000,2026-08-28,1.000000000000,0.000000000000,0.000000000000,53.153759016774,53.299489035934,49.055726545096,49.055726545096
2026,00-0037120,Tyler Goodson,RB,10,1.623652556095,0.472727272727,5.200000000000,-102.000000000000,2026-08-28,1.000000000000,0.000000000000,1.000000000000,18.949012339305,19.070068590201,18.378305450873,8.437320961284
2026,00-0037132,Britain Covey,WR,6,0.918193791157,0.666666666667,4.000000000000,-190.000000000000,2026-08-28,1.000000000000,0.000000000000,0.000000000000,6.125001872619,6.157515085360,6.775729148950,7.304745781242
2026,00-0037157,Bam Knight,RB,12,7.444486314954,7.741666666667,92.900000000000,-87.910000000000,2026-08-28,1.000000000000,0.000000000000,1.000000000000,80.350931682217,73.821973140631,75.517439416603,50.498093212519
2026,00-0037197,Isiah Pacheco,RB,13,8.722065449372,6.715384615385,87.300000000000,-53.100000000000,2026-08-28,1.000000000000,0.000000000000,0.000000000000,71.101235267479,70.037714221117,75.096564553839,70.286866985764
2026,00-0037228,Jaylen Warren,RB,16,11.896691332823,13.818750000000,221.100000000000,-27.390000000000,2026-08-28,1.000000000000,0.000000000000,0.000000000000,125.169071066680,124.951403772152,134.353740680115,133.009364795110
2026,00-0037231,Kevin Austin Jr.,WR,5,3.858870967742,4.125000000000,33.000000000000,-160.750000000000,2026-08-28,1.000000000000,0.000000000000,0.000000000000,29.655127918969,29.085404468020,31.798310086593,30.190362070791
2026,00-0037238,Drake London,WR,12,15.620082092402,16.825000000000,201.900000000000,-7.900000000000,2026-08-28,1.000000000000,0.000000000000,0.000000000000,178.703128146497,176.081948088072,183.119307753991,194.051954625951
2026,00-0037239,Chris Olave,WR,16,15.180398177496,16.937500000000,271.000000000000,-10.740000000000,2026-08-28,1.000000000000,0.000000000000,0.000000000000,190.675389049554,191.454810187554,193.213221020051,191.554883367054
2026,00-0037240,Jameson Williams,WR,17,12.884548130194,13.170588235294,223.900000000000,-27.010000000000,2026-08-28,1.000000000000,0.000000000000,0.000000000000,173.740326005659,159.118186878925,174.271517115142,166.061874841778
2026,00-0037247,George Pickens,WR,17,15.106291362989,17.288235294118,293.900000000000,-11.810000000000,2026-08-28,1.000000000000,0.000000000000,1.000000000000,220.548523684979,197.339925004108,220.296631731916,202.296320386466
2026,00-0037248,James Cook,RB,17,17.232827017856,18.305882352941,311.200000000000,-5.750000000000,2026-08-28,1.000000000000,0.000000000000,0.000000000000,214.920692222065,215.201000919812,228.738697322333,239.277060214826
2026,00-0037252,Greg Dulcich,TE,9,4.420041787207,6.280000000000,62.800000000000,-24.490000000000,2026-08-28,1.000000000000,0.000000000000,1.000000000000,33.951083056734,32.457767680282,31.471864170312,31.471864170312
2026,00-0037256,Rachaad White,RB,17,10.807942150764,8.411764705882,143.000000000000,-37.480000000000,2026-08-28,0.000000000000,0.000000000000,1.000000000000,115.839540457184,114.611338194275,89.650498114672,75.228680316658
2026,00-0037258,Dameon Pierce,RB,5,3.653369316323,0.720000000000,3.600000000000,-109.620000000000,2026-08-28,1.000000000000,0.000000000000,1.000000000000,22.597257390038,21.691173160475,23.277656579717,19.004845876697
2026,00-0037261,Khalil Shakir,WR,16,10.497414306371,10.712500000000,171.400000000000,-51.090000000000,2026-08-28,1.000000000000,0.000000000000,0.000000000000,132.904975487611,127.059004459685,134.338052054175,132.535738108987
2026,00-0037263,Tyler Allgeier,RB,17,7.110947050885,7.235294117647,123.000000000000,-45.490000000000,2026-08-28,1.000000000000,0.000000000000,1.000000000000,88.828820943946,88.705310056841,90.228732339709,97.042566591818
2026,00-0037267,Jerome Ford,RB,13,7.145322627455,3.353846153846,43.600000000000,-90.860000000000,2026-08-28,1.000000000000,1.000000000000,1.000000000000,64.474391129669,59.675438334284,46.044010391802,21.292864008118
2026,00-0037276,Ty Chandler,RB,3,3.142632556810,2.933333333333,8.800000000000,-133.000000000000,2026-08-28,1.000000000000,0.000000000000,1.000000000000,16.212556623695,15.328520151163,17.235555375083,14.029167033807
2026,00-0037277,Teagan Quitoriano,TE,2,0.083862952792,0.000000000000,0.000000000000,-112.000000000000,2026-08-28,1.000000000000,0.000000000000,1.000000000000,2.064438495602,2.065222291131,-1.283835223815,-1.283835223815
2026,00-0037282,James Mitchell,TE,2,0.760366972477,1.160000000000,5.800000000000,-135.330000000000,2026-08-28,1.000000000000,0.000000000000,0.000000000000,6.749130589446,6.589085443970,4.249908287994,4.249908287994
2026,00-0037291,Jalen Nailor,WR,17,5.689144328067,5.923529411765,100.700000000000,-71.860000000000,2026-08-28,1.000000000000,0.000000000000,0.000000000000,71.375525263203,71.532560152623,72.784299373079,74.054374378550
2026,00-0037292,Andrew Ogletree,TE,11,1.348972480343,0.846666666667,12.700000000000,-104.750000000000,2026-08-28,1.000000000000,0.000000000000,0.000000000000,14.704962050080,14.004256148767,10.031651543294,10.031651543294
2026,00-0037306,John FitzPatrick,TE,11,1.169941559158,1.680000000000,25.200000000000,,,1.000000000000,0.000000000000,0.000000000000,19.190994328865,18.872581905006,16.380412748775,16.380412748775
2026,00-0037311,Ko Kieft,TE,2,0.126701570681,0.000000000000,0.000000000000,-135.750000000000,2026-08-28,1.000000000000,0.000000000000,1.000000000000,1.785484385941,1.752860884459,-0.715224910799,-0.715224910799
2026,00-0037324,Chris Oladokun,QB,3,3.232394366197,3.733333333333,11.200000000000,,,1.000000000000,0.000000000000,0.000000000000,0.775920962438,0.912609535667,0.683059677311,2.361704100663
2026,00-0037329,Brittain Brown,RB,2,3.233333333333,3.233333333333,9.700000000000,-136.500000000000,2026-08-28,1.000000000000,0.000000000000,1.000000000000,14.198481795448,13.384705101913,17.487376560969,15.606139829547
2026,00-0037340,Zaire Mitchell-Paden,TE,3,0.462500000000,0.462500000000,3.700000000000,,,1.000000000000,1.000000000000,1.000000000000,4.354944198751,4.274521783134,1.656838509824,1.656838509824
2026,00-0037348,Tanner Conner,TE,8,1.539552238806,2.011111111111,18.100000000000,-125.000000000000,2026-08-28,1.000000000000,0.000000000000,0.000000000000,15.284987960084,14.933986981324,11.834142028010,11.834142028010
2026,00-0037380,Kaden Davis,WR,1,0.000000000000,0.000000000000,0.000000000000,,,1.000000000000,0.000000000000,1.000000000000,2.246575193305,2.352496107860,2.211872771719,3.271578270847
2026,00-0037475,Stone Smartt,TE,6,1.612830586432,0.938461538462,12.200000000000,-96.750000000000,2026-08-28,1.000000000000,0.000000000000,1.000000000000,14.459107672777,14.797222824392,10.379806864847,10.379806864847
2026,00-0037487,Deven Thompkins,WR,7,1.278239799906,0.885714285714,6.200000000000,-201.500000000000,2026-08-28,1.000000000000,0.000000000000,1.000000000000,10.938404254545,10.842414109603,10.456562670798,10.439418510866
2026,00-0037524,Tay Martin,WR,2,3.364788732394,1.433333333333,4.300000000000,,,1.000000000000,0.000000000000,1.000000000000,16.810843853562,16.656570244576,16.276809370593,16.653080915100
2026,00-0037525,Jordan Mason,RB,16,7.413598269803,8.056250000000,128.900000000000,-38.220000000000,2026-08-28,1.000000000000,0.000000000000,0.000000000000,80.425363183571,82.645629182523,82.480995189751,80.513599825235
2026,00-0037539,Lucas Krull,TE,2,2.398104748319,1.166666666667,3.500000000000,-121.500000000000,2026-08-28,1.000000000000,0.000000000000,1.000000000000,11.529398205639,11.043536928866,9.045479093426,9.045479093426
2026,00-0037545,Rashid Shaheed,WR,18,9.992317368166,8.866666666667,159.600000000000,-58.810000000000,2026-08-28,1.000000000000,0.000000000000,0.000000000000,122.108680148158,114.083997529608,123.063168899537,121.305479317772
2026,00-0037557,Ronnie Rivers,RB,6,0.899133167190,0.418181818182,4.600000000000,-113.170000000000,2026-08-28,1.000000000000,0.000000000000,1.000000000000,7.408801259568,7.189536417182,10.773115126889,7.737974121933
2026,00-0037563,Malik Davis,RB,10,3.905569562228,4.260000000000,42.600000000000,-80.000000000000,2026-08-28,1.000000000000,0.000000000000,1.000000000000,30.790926134481,30.544652840601,28.964873721037,21.258442698450
2026,00-0037594,Julius Chestnut,RB,16,0.415115105934,0.235294117647,4.000000000000,-158.250000000000,2026-08-28,1.000000000000,0.000000000000,1.000000000000,14.850957468772,13.818796188122,15.679793167103,8.695960278447
2026,00-0037614,John Metchie III,WR,13,4.005376920329,4.493750000000,71.900000000000,-118.190000000000,2026-08-28,1.000000000000,0.000000000000,0.000000000000,48.466291633842,44.690272435700,49.336220545034,46.192191976613
2026,00-0037617,Hassan Haskins,RB,11,1.313348946136,0.833333333333,10.000000000000,-154.500000000000,2026-08-28,0.000000000000,0.000000000000,1.000000000000,15.932241293085,16.043456322886,12.761536499795,7.232628408011
2026,00-0037654,Tucker Fisk,TE,4,0.624500447361,0.390000000000,3.900000000000,,,1.000000000000,0.000000000000,1.000000000000,4.933421628538,4.823611921639,2.176980431413,2.176980431413
2026,00-0037664,Alec Pierce,WR,15,10.684495119634,12.420000000000,186.300000000000,-43.170000000000,2026-08-28,1.000000000000,0.000000000000,1.000000000000,129.655931049481,129.538515466516,132.950055271887,133.221085836555
2026,00-0037666,Jalen Tolbert,WR,12,5.393907429299,3.561538461538,46.300000000000,-105.310000000000,2026-08-28,1.000000000000,0.000000000000,1.000000000000,53.020305170483,52.746524981116,50.545848271917,48.074189425277
2026,00-0037740,Garrett Wilson,WR,7,14.118669303245,14.214285714286,99.500000000000,-15.890000000000,2026-08-28,1.000000000000,0.000000000000,0.000000000000,124.848528914674,115.524244125170,131.921280634772,137.156076429910
2026,00-0037741,Jahan Dotson,WR,15,3.588060649361,3.070588235294,52.200000000000,-101.350000000000,2026-08-28,1.000000000000,0.000000000000,1.000000000000,45.071037863544,45.973462894614,42.831420739900,45.457852664195
2026,00-0037742,Treylon Burks,WR,8,3.210424436157,3.625000000000,29.000000000000,-118.000000000000,2026-08-28,1.000000000000,0.000000000000,1.000000000000,26.465466178077,26.063007299396,28.096348162433,27.902145610958
2026,00-0037744,Trey McBride,TE,17,16.317160862891,18.582352941176,315.900000000000,-1.680000000000,2026-08-28,1.000000000000,0.000000000000,0.000000000000,242.815303429383,229.503696225885,234.896370179428,234.896370179428
2026,00-0037745,Velus Jones Jr.,WR,5,0.611379827522,0.400000000000,3.200000000000,-166.500000000000,2026-08-28,1.000000000000,0.000000000000,1.000000000000,4.987864718328,5.010945302847,5.533224044600,7.962655080066
2026,00-0037746,Brian Robinson,RB,17,7.262000855066,3.676470588235,62.500000000000,-57.110000000000,2026-08-28,1.000000000000,0.000000000000,1.000000000000,69.321680418130,71.160789047287,66.334253974736,59.612721700431
2026,00-0037755,Jelani Woods,TE,2,0.350000000000,0.350000000000,1.400000000000,-94.200000000000,2026-08-28,1.000000000000,0.000000000000,1.000000000000,3.197924089783,3.127784290754,2.948259472676,2.948259472676
2026,00-0037801,KaVontae Turpin,WR,15,5.636151079137,5.833333333333,87.500000000000,-117.720000000000,2026-08-28,1.000000000000,0.000000000000,0.000000000000,62.097578135718,55.879794639818,62.886080458464,63.985090444129
2026,00-0037805,Jeremy Ruckert,TE,14,2.330481586402,2.758823529412,46.900000000000,-69.860000000000,2026-08-28,1.000000000000,0.000000000000,0.000000000000,33.727599778251,30.462550986017,28.046755391322,28.046755391322
2026,00-0037809,Chig Okonkwo,TE,17,7.126569818211,7.411764705882,126.000000000000,-18.650000000000,2026-08-28,1.000000000000,0.000000000000,1.000000000000,97.248973201657,99.999885561133,96.103121680421,96.103121680421
2026,00-0037816,Romeo Doubs,WR,16,10.278731112486,10.337500000000,165.400000000000,-52.200000000000,2026-08-28,1.000000000000,0.000000000000,1.000000000000,128.577817731524,123.304662918703,121.270214832661,124.848572935414
2026,00-0037834,Brock Purdy,QB,9,19.079425079221,19.708888888889,177.380000000000,-12.390000000000,2026-08-28,1.000000000000,0.000000000000,0.000000000000,183.973410333351,185.124505452563,180.065916342153,210.669703606825
2026,00-0037837,Calvin Austin III,WR,14,6.006466614021,6.157142857143,86.200000000000,,,1.000000000000,1.000000000000,1.000000000000,73.149963537806,64.770512202824,68.886344971993,49.673615731888
2026,00-0037838,Isaiah Likely,TE,12,5.809260087680,4.407142857143,61.700000000000,-13.650000000000,2026-08-28,1.000000000000,0.000000000000,0.000000000000,58.362086484683,56.018163283984,54.846537274894,54.846537274894
2026,00-0037840,Kyren Williams,RB,17,16.652820251444,15.488235294118,263.300000000000,-14.910000000000,2026-08-28,1.000000000000,0.000000000000,0.000000000000,206.865553628724,204.839331298165,200.560924297788,207.372678410838
2026,00-0038040,Zamir White,RB,5,3.092793952067,1.600000000000,9.600000000000,-138.670000000000,2026-08-28,0.000000000000,0.000000000000,1.000000000000,19.765923012126,18.950038701978,15.945074606297,8.837639628358
2026,00-0038041,Jake Ferguson,TE,17,10.022375806316,11.064705882353,188.100000000000,-13.350000000000,2026-08-28,1.000000000000,0.000000000000,0.000000000000,134.577423263826,137.651379442737,125.256221545534,125.256221545534
2026,00-0038046,Charlie Kolar,TE,13,2.054932182491,2.129411764706,36.200000000000,-38.150000000000,2026-08-28,1.000000000000,0.000000000000,0.000000000000,30.788120511599,29.460545239200,27.991818654460,27.991818654460
2026,00-0038090,Skyy Moore,WR,17,1.265304666803,0.870588235294,14.800000000000,-187.600000000000,2026-08-28,0.000000000000,0.000000000000,1.000000000000,16.995543517063,15.183184529843,12.666534474348,12.400060350683
2026,00-0038102,Kenny Pickett,QB,6,4.628634894992,1.286666666667,7.720000000000,-64.670000000000,2026-08-28,1.000000000000,0.000000000000,1.000000000000,17.173711714596,17.222414067942,15.368764046317,20.921766130171
2026,00-0038104,Tyquan Thornton,WR,12,4.785266575103,5.914285714286,82.800000000000,-96.770000000000,2026-08-28,1.000000000000,0.000000000000,0.000000000000,52.168683426387,48.781643012145,53.515776217674,55.012357852353
2026,00-0038115,Daniel Bellinger,TE,13,2.999139132574,3.850000000000,61.600000000000,-56.390000000000,2026-08-28,1.000000000000,0.000000000000,1.000000000000,45.300553988575,46.479634838312,43.341428529523,43.341428529523
2026,00-0038117,Wan'Dale Robinson,WR,16,12.000936846508,13.618750000000,217.900000000000,-38.640000000000,2026-08-28,1.000000000000,0.000000000000,1.000000000000,162.984501275380,152.898852902878,153.631543661916,157.728125162899
2026,00-0038120,Breece Hall,RB,16,14.553018285046,13.291250000000,212.660000000000,-14.120000000000,2026-08-28,1.000000000000,0.000000000000,1.000000000000,172.570166878902,176.679188190058,189.802589144333,209.792265051716
2026,00-0038124,Christian Watson,WR,10,10.826475146025,13.740000000000,137.400000000000,-28.270000000000,2026-08-28,1.000000000000,0.000000000000,1.000000000000,102.535760055251,96.787479647397,108.453494700963,120.374603869432
2026,00-0038128,Malik Willis,QB,4,9.203043105909,12.795000000000,51.180000000000,-20.370000000000,2026-08-28,1.000000000000,0.000000000000,1.000000000000,55.271447726433,55.695139376540,54.161973499399,71.883698846398
2026,00-0038129,Cade Otton,TE,15,8.160743694201,7.637500000000,122.200000000000,-28.370000000000,2026-08-28,0.000000000000,0.000000000000,1.000000000000,96.143877219370,96.340684384592,91.505503304341,91.505503304341
2026,00-0038134,Kenneth Walker III,RB,17,12.896637970095,11.464705882353,194.900000000000,-9.290000000000,2026-08-28,1.000000000000,0.000000000000,1.000000000000,146.864250367599,151.100212431581,160.619371573031,175.402327397739
2026,00-0038359,Xavier Smith,WR,16,2.132371134021,3.018750000000,48.300000000000,-152.430000000000,2026-08-28,1.000000000000,0.000000000000,1.000000000000,31.917495577579,28.643650087678,32.313713097180,30.249790762765
2026,00-0038393,Dontayvion Wicks,WR,13,6.196410578216,5.414285714286,75.800000000000,-70.440000000000,2026-08-28,1.000000000000,0.000000000000,1.000000000000,65.516370899923,65.716046514943,62.271154128207,62.430289935775
2026,00-0038394,Will Mallory,TE,1,1.626392632525,1.300000000000,2.600000000000,-122.000000000000,2026-08-28,1.000000000000,0.000000000000,0.000000000000,8.462962311385,8.210248318377,10.664363013136,10.664363013136
2026,00-0038396,Eric Gray,RB,1,0.841747432374,0.000000000000,0.000000000000,,,1.000000000000,0.000000000000,0.000000000000,7.503777686908,7.071690632718,11.883459327441,12.147764353949
2026,00-0038397,Evan Hull,RB,6,1.097064656882,1.066666666667,6.400000000000,,,1.000000000000,0.000000000000,1.000000000000,14.063716486092,13.561748677052,14.768164284644,8.762692271772
2026,00-0038400,Tanner McKee,QB,4,5.806078431373,3.440000000000,13.760000000000,-66.000000000000,2026-08-28,1.000000000000,0.000000000000,0.000000000000,3.477188701690,2.777332808571,2.755662617758,6.509250300121
2026,00-0038409,Lew Nichols III,RB,1,0.000000000000,0.000000000000,0.000000000000,-117.250000000000,2026-08-28,0.000000000000,0.000000000000,1.000000000000,6.511070753343,6.163517496451,6.025734022730,2.189990568640
2026,00-0038416,Tyson Bagent,QB,2,2.763225325885,0.860000000000,2.580000000000,-56.780000000000,2026-08-28,1.000000000000,0.000000000000,0.000000000000,7.942959122147,10.849266443115,7.638393990654,11.835609869671
2026,00-0038440,Zavier Scott,RB,11,2.450000000000,2.450000000000,39.200000000000,-111.200000000000,2026-08-28,1.000000000000,0.000000000000,1.000000000000,26.248484719369,26.135974719377,27.091660158199,19.350727558119
2026,00-0038454,Keaton Mitchell,RB,13,4.451829939461,4.261538461538,55.400000000000,-49.150000000000,2026-08-28,1.000000000000,0.000000000000,1.000000000000,45.142644595343,44.409827689626,46.253937358846,46.080235331521
2026,00-0038456,Travis Vokolek,TE,1,0.000000000000,0.000000000000,0.000000000000,,,1.000000000000,0.000000000000,0.000000000000,1.012111508741,0.995527986568,-1.133894550804,-1.133894550804
2026,00-0038458,Owen Wright,RB,2,0.200000000000,0.200000000000,0.600000000000,-167.500000000000,2026-08-28,0.000000000000,0.000000000000,1.000000000000,3.639984279697,3.464345167505,5.377216849719,0.868880778103
2026,00-0038465,Malik Heath,WR,7,1.909600362278,1.327272727273,14.600000000000,,,1.000000000000,0.000000000000,0.000000000000,16.740633847491,16.625049123341,17.718304883731,18.858386180457
2026,00-0038488,Brady Russell,RB,10,0.000000000000,0.000000000000,0.000000000000,,,1.000000000000,0.000000000000,1.000000000000,9.701743059660,9.048493448810,19.658342198186,22.616093304114
2026,00-0038492,Jason Brownlee,WR,3,0.820841847160,0.000000000000,0.000000000000,-204.330000000000,2026-08-28,1.000000000000,0.000000000000,1.000000000000,5.371546157644,5.416985084690,6.047377597253,7.017455145144
2026,00-0038496,Xavier Gipson,WR,6,1.359864399244,0.325000000000,2.600000000000,-224.000000000000,2026-08-28,1.000000000000,0.000000000000,1.000000000000,11.016000378961,10.912937088818,10.567896044734,9.160473010220
2026,00-0038498,E.J. Jenkins,TE,1,0.661718750000,0.000000000000,0.000000000000,-142.000000000000,2026-08-28,1.000000000000,0.000000000000,0.000000000000,2.987228346740,2.927514805383,0.936277655017,0.936277655017
2026,00-0038519,Nikko Remigio,WR,14,0.474029850746,0.300000000000,4.200000000000,-192.400000000000,2026-08-28,1.000000000000,0.000000000000,1.000000000000,8.324560557103,7.986213873537,8.587402013098,8.242022326426
2026,00-0038542,Bijan Robinson,RB,17,20.422267206478,22.341176470588,379.800000000000,-1.830000000000,2026-08-28,1.000000000000,0.000000000000,1.000000000000,286.371763887800,273.299514248599,309.483168898555,336.152116868428
2026,00-0038543,Jaxon Smith-Njigba,WR,17,17.539557037390,21.641176470588,367.900000000000,-3.210000000000,2026-08-28,1.000000000000,0.000000000000,1.000000000000,263.959653461574,251.553793583530,264.547665563329,270.389471316275
2026,00-0038544,Quentin Johnston,WR,13,10.965410240029,12.442857142857,174.200000000000,-41.970000000000,2026-08-28,1.000000000000,0.000000000000,1.000000000000,133.002535592866,133.030413691229,135.586074917000,131.262742753295
2026,00-0038547,Luke Schoonmaker,TE,14,2.115463999365,1.600000000000,27.200000000000,-65.500000000000,2026-08-28,1.000000000000,0.000000000000,0.000000000000,26.402424525981,23.981951971594,30.236840869024,30.236840869024
2026,00-0038551,Kendre Miller,RB,7,4.905915880503,4.757142857143,33.300000000000,-82.830000000000,2026-08-28,1.000000000000,0.000000000000,0.000000000000,40.521248629662,39.374509308149,44.216619452709,45.760811702912
2026,00-0038555,Tank Bigsby,RB,15,4.370169712794,3.164705882353,53.800000000000,-55.070000000000,2026-08-28,1.000000000000,0.000000000000,0.000000000000,54.946378448375,56.419715570268,60.810130478923,63.805519460678
2026,00-0038558,Darnell Washington,TE,13,3.348782487497,4.587500000000,73.400000000000,-37.740000000000,2026-08-28,1.000000000000,0.000000000000,1.000000000000,50.876369203546,52.307910039797,55.971879940068,55.971879940068
2026,00-0038559,Michael Wilson,WR,17,10.991717817203,13.094117647059,222.600000000000,-39.490000000000,2026-08-28,1.000000000000,0.000000000000,0.000000000000,152.919432845541,142.956329402181,153.893509900759,146.924649995752
2026,00-0038563,Tre Tucker,WR,17,8.309858929144,9.688235294118,164.700000000000,-63.430000000000,2026-08-28,1.000000000000,0.000000000000,0.000000000000,107.995915053803,109.523900497996,110.436158384160,102.570111317604
2026,00-0038564,Cameron Latu,TE,10,0.000000000000,0.000000000000,0.000000000000,-125.670000000000,2026-08-28,1.000000000000,0.000000000000,0.000000000000,2.242731014921,2.224561583444,2.430897583821,2.430897583821
2026,00-0038573,Derius Davis,WR,11,1.515189095009,0.318181818182,3.500000000000,-170.800000000000,2026-08-28,1.000000000000,0.000000000000,1.000000000000,13.896158317799,13.914215603967,13.173556690728,12.743889607035
2026,00-0038576,Charlie Jones,WR,14,0.754193993787,0.428571428571,6.000000000000,-202.330000000000,2026-08-28,0.000000000000,0.000000000000,1.000000000000,10.083897893175,9.653706244804,7.144122023990,8.451890003776
2026,00-0038579,Aidan O'Connell,QB,1,10.402538399353,4.780000000000,4.780000000000,-82.250000000000,2026-08-28,1.000000000000,0.000000000000,0.000000000000,8.509103952378,6.896304866554,7.927417666307,10.366929454304
2026,00-0038582,Clayton Tune,QB,2,0.435516514406,0.990000000000,1.980000000000,,,1.000000000000,0.000000000000,0.000000000000,-0.000000000000,-0.310233457779,-0.000000000000,1.669416735589
2026,00-0038589,Josh Whyle,TE,6,2.680256317253,1.825000000000,14.600000000000,-81.570000000000,2026-08-28,1.000000000000,0.000000000000,0.000000000000,21.243438647134,21.155932534345,21.652450655946,21.652450655946
2026,00-0038590,Justin Shorter,TE,3,0.000000000000,0.000000000000,0.000000000000,,,1.000000000000,1.000000000000,1.000000000000,1.241391525125,1.215765633421,2.921410863679,2.921410863679
2026,00-0038597,Chase Brown,RB,17,14.948734284743,16.623529411765,282.600000000000,-6.640000000000,2026-08-28,1.000000000000,0.000000000000,0.000000000000,184.882637756363,187.955237569200,176.089140943198,156.781237542643
2026,00-0038606,Parker Washington,WR,16,8.902235283641,11.543750000000,184.700000000000,-29.990000000000,2026-08-28,1.000000000000,0.000000000000,0.000000000000,119.075472737643,116.196149251104,120.818060377466,112.356825963887
2026,00-0038608,Kayshon Boutte,WR,14,8.186207259337,8.864285714286,124.100000000000,-68.450000000000,2026-08-28,1.000000000000,0.000000000000,1.000000000000,98.226397401094,84.857334343432,99.023628666423,93.208538094926
2026,00-0038611,Chris Rodriguez Jr.,RB,12,5.519924597281,7.076923076923,92.000000000000,-45.660000000000,2026-08-28,1.000000000000,0.000000000000,1.000000000000,54.060992403577,52.849087455139,55.917097966477,65.488166388969
2026,00-0038618,Xavier Hutchinson,WR,16,3.840070169713,5.764705882353,98.000000000000,-107.080000000000,2026-08-28,1.000000000000,0.000000000000,0.000000000000,56.505961324544,58.035527148236,57.980196018866,54.686886428537
2026,00-0038619,Andrei Iosivas,WR,15,5.487383776852,5.288235294118,89.900000000000,-102.510000000000,2026-08-28,1.000000000000,0.000000000000,0.000000000000,69.425217709498,60.883076072081,69.888931602607,65.955121709357
2026,00-0038621,DeMario Douglas,WR,16,6.946640510054,5.811764705882,98.800000000000,-103.500000000000,2026-08-28,1.000000000000,0.000000000000,0.000000000000,86.384677907842,73.556313060325,86.537739091094,83.003498550041
2026,00-0038640,Jalen Brooks,WR,5,1.990580053738,1.350000000000,8.100000000000,-167.800000000000,2026-08-28,1.000000000000,0.000000000000,0.000000000000,14.127228375809,13.955416605542,15.332317469358,16.685343832201
2026,00-0038643,Brayden Willis,TE,6,0.000000000000,0.000000000000,0.000000000000,-127.750000000000,2026-08-28,1.000000000000,0.000000000000,0.000000000000,1.271288852876,1.228570254823,1.602655934355,1.602655934355
2026,00-0038647,Ronnie Bell,WR,2,1.813272689684,5.150000000000,10.300000000000,-191.670000000000,2026-08-28,1.000000000000,0.000000000000,1.000000000000,16.770998619279,16.869811477602,16.309053895091,17.098557370318
2026,00-0038658,Adrian Martinez,QB,1,-0.100000000000,-0.100000000000,-0.100000000000,-95.000000000000,2026-08-28,1.000000000000,0.000000000000,1.000000000000,-0.000000000000,-0.456487866767,-0.000000000000,1.618921743223
2026,00-0038678,Jordan Mims,RB,1,2.020408163265,0.000000000000,0.000000000000,,,1.000000000000,0.000000000000,1.000000000000,8.952970440116,8.494795252118,10.717227472044,4.133702553743
2026,00-0038679,Tyrell Shavers,WR,11,3.045308310992,2.794117647059,47.500000000000,-173.000000000000,2026-08-28,1.000000000000,1.000000000000,1.000000000000,30.812000557854,30.075631429451,31.826491568396,22.706830144576
2026,00-0038685,Chris Brooks,RB,17,2.113379211726,1.923529411765,32.700000000000,-78.840000000000,2026-08-28,1.000000000000,1.000000000000,1.000000000000,28.328923859659,25.975482758989,26.145446903675,11.788063649468
2026,00-0038705,Emari Demercado,RB,12,4.626337912651,4.484615384615,58.300000000000,-84.900000000000,2026-08-28,1.000000000000,0.000000000000,1.000000000000,39.655293233585,38.548373282705,40.059563958313,30.531957967024
2026,00-0038710,Blake Whiteheart,TE,9,0.512147505423,0.141176470588,2.400000000000,-91.200000000000,2026-08-28,1.000000000000,0.000000000000,1.000000000000,12.149914036452,11.851842904589,8.721729195286,8.721729195286
2026,00-0038720,Julian Hill,TE,11,1.673964334705,2.214285714286,31.000000000000,-83.000000000000,2026-08-28,1.000000000000,1.000000000000,1.000000000000,22.435475134653,21.194879104553,17.724052658749,17.724052658749
2026,00-0038728,Jared Wayne,WR,1,4.000000000000,4.000000000000,4.000000000000,-153.000000000000,2026-08-28,1.000000000000,0.000000000000,1.000000000000,25.013085673066,24.509280993969,27.711688105244,26.484355362601
2026,00-0038735,Princeton Fant,TE,1,0.000000000000,0.000000000000,0.000000000000,-146.750000000000,2026-08-28,1.000000000000,0.000000000000,1.000000000000,0.886426240831,0.875351720934,-1.000082558833,-1.000082558833
2026,00-0038738,Hunter Luepke,RB,14,1.798068998950,2.176470588235,37.000000000000,-108.710000000000,2026-08-28,1.000000000000,0.000000000000,0.000000000000,30.911063543967,29.720242333144,35.540467555357,38.625984041854
2026,00-0038740,Jalen Moreno-Cropper,WR,2,0.000000000000,0.000000000000,0.000000000000,,,1.000000000000,0.000000000000,1.000000000000,2.623089674334,2.664584124009,2.563726897400,3.476171381501
2026,00-0038752,Jake Bobo,WR,5,1.472874374816,0.363636363636,4.000000000000,-181.750000000000,2026-08-28,1.000000000000,0.000000000000,0.000000000000,11.799498935274,11.658379905101,12.599986371331,12.889770019818
2026,00-0038783,Nate Adkins,TE,6,1.993005847953,1.866666666667,16.800000000000,-101.330000000000,2026-08-28,1.000000000000,0.000000000000,0.000000000000,17.045467852820,16.849360126165,13.500004408813,13.500004408813
2026,00-0038794,Jaleel McLaughlin,RB,8,5.328700011393,3.925000000000,31.400000000000,-86.780000000000,2026-08-28,1.000000000000,0.000000000000,1.000000000000,50.422468397416,49.885254762535,48.708874066814,35.644532381452
2026,00-0038797,Emanuel Wilson,RB,17,5.331588653728,5.558823529412,94.500000000000,-68.030000000000,2026-08-28,0.000000000000,0.000000000000,1.000000000000,62.007072473717,56.027827596225,47.814988809143,32.300725388362
2026,00-0038809,Ben Sims,TE,3,0.555859566539,0.545454545455,6.000000000000,-94.200000000000,2026-08-28,1.000000000000,0.000000000000,1.000000000000,11.107122104614,9.379489624053,9.583223653401,9.583223653401
2026,00-0038824,Ryan Miller,WR,9,1.660892388451,0.876923076923,11.400000000000,,,1.000000000000,0.000000000000,1.000000000000,15.620428829337,15.666631342608,14.871373512828,12.910234914018
2026,00-0038839,Mitchell Tinsley,WR,8,1.858823529412,1.858823529412,31.600000000000,-146.000000000000,2026-08-28,0.000000000000,0.000000000000,1.000000000000,21.446635602160,21.709628602528,15.763223419588,14.969199045652
2026,00-0038840,Brycen Tremayne,WR,15,1.780116959064,1.875000000000,30.000000000000,-171.400000000000,2026-08-28,1.000000000000,0.000000000000,1.000000000000,21.872044686202,20.150868339651,22.365528401394,21.702836337765
2026,00-0038891,Shedrick Jackson,WR,3,2.691493863733,3.180000000000,15.900000000000,-210.670000000000,2026-08-28,1.000000000000,0.000000000000,0.000000000000,18.370038856554,18.190116555370,20.325410446021,20.432401357138
2026,00-0038896,Jacob Saylors,RB,11,0.068750000000,0.068750000000,1.100000000000,-120.000000000000,2026-08-28,1.000000000000,0.000000000000,1.000000000000,10.078058514598,10.151719267164,11.027785748331,7.732288721579
2026,00-0038911,Malik Cunningham,WR,1,0.062305295950,0.100000000000,0.100000000000,,,1.000000000000,0.000000000000,1.000000000000,2.656385735131,2.751326413691,3.094021209149,5.107791191098
2026,00-0038933,Dalton Kincaid,TE,12,9.462515631513,10.508333333333,126.100000000000,-12.090000000000,2026-08-28,1.000000000000,0.000000000000,0.000000000000,97.763580816471,94.127300793213,97.107171231637,97.107171231637
2026,00-0038935,Brenton Strange,TE,12,6.741889779167,9.833333333333,118.000000000000,-18.540000000000,2026-08-28,1.000000000000,0.000000000000,0.000000000000,80.484225694144,77.282534210407,81.439828332878,81.439828332878
2026,00-0038938,Jalin Hyatt,WR,6,1.574604078842,1.062500000000,8.500000000000,-221.000000000000,2026-08-28,1.000000000000,0.000000000000,0.000000000000,13.827393190002,13.692108736564,14.740155699598,16.099583893800
2026,00-0038951,Sean Tucker,RB,17,4.473355235448,5.494117647059,93.400000000000,-62.450000000000,2026-08-28,1.000000000000,1.000000000000,1.000000000000,65.414992168309,58.069826556569,47.743035641432,16.918340355269
2026,00-0038953,Dylan Drummond,WR,6,1.244444444444,1.244444444444,11.200000000000,-201.250000000000,2026-08-28,1.000000000000,0.000000000000,0.000000000000,11.982553257737,11.864930206768,12.857760397866,12.689645412911
2026,00-0038976,Marvin Mims Jr.,WR,15,6.612855429942,6.333333333333,95.000000000000,-97.910000000000,2026-08-28,1.000000000000,0.000000000000,0.000000000000,81.789156098531,70.860383603065,82.255865985149,80.667952860961
2026,00-0038979,Cedric Tillman,WR,12,5.050053682628,4.615384615385,60.000000000000,-118.020000000000,2026-08-28,0.000000000000,0.000000000000,1.000000000000,52.105988594376,48.422197846372,38.504055372220,39.201264133121
2026,00-0038994,Jordan Addison,WR,14,11.920717349639,9.864285714286,138.100000000000,-45.130000000000,2026-08-28,1.000000000000,0.000000000000,1.000000000000,136.695859599336,132.760847951608,138.611205660797,134.896770480753
2026,00-0038996,Tucker Kraft,TE,8,10.332833166611,14.650000000000,117.200000000000,-7.090000000000,2026-08-28,1.000000000000,0.000000000000,1.000000000000,106.112453233415,99.000997579575,106.662591497246,106.662591497246
2026,00-0038997,Josh Downs,WR,16,10.033986304932,8.650000000000,138.400000000000,-39.120000000000,2026-08-28,1.000000000000,0.000000000000,0.000000000000,118.608685432716,114.190514938474,120.091675258331,113.660851403979
2026,00-0039021,Roschon Johnson,RB,6,3.906705653021,0.242857142857,1.700000000000,-97.710000000000,2026-08-28,0.000000000000,0.000000000000,1.000000000000,27.774323909618,27.117386516256,22.747598358976,16.961367079374
2026,00-0039032,Tyjae Spears,RB,13,8.920056582803,8.592307692308,111.700000000000,-45.620000000000,2026-08-28,1.000000000000,0.000000000000,1.000000000000,94.345790060364,95.285806132647,88.478436251996,80.752945906427
2026,00-0039040,De'Von Achane,RB,16,19.384421584866,20.612500000000,329.800000000000,-7.770000000000,2026-08-28,1.000000000000,0.000000000000,1.000000000000,248.408250939369,242.675933756033,263.344958844504,273.823256954335
2026,00-0039041,Elijah Higgins,TE,17,3.239516468705,3.417647058824,58.100000000000,-54.800000000000,2026-08-28,1.000000000000,0.000000000000,0.000000000000,45.803065459588,38.895248876316,50.194811404082,50.194811404082
2026,00-0039050,Payne Durham,TE,8,0.818700075675,0.123529411765,2.100000000000,-94.000000000000,2026-08-28,1.000000000000,0.000000000000,0.000000000000,13.998768812742,13.564789773433,11.550832892282,11.550832892282
2026,00-0039062,Jonathan Mingo,WR,5,2.356354494029,0.583333333333,3.500000000000,-176.800000000000,2026-08-28,1.000000000000,0.000000000000,0.000000000000,15.563853097491,15.334947625751,16.693003691292,19.665357046773
2026,00-0039064,Zay Flowers,WR,17,13.771032382174,14.664705882353,249.300000000000,-15.890000000000,2026-08-28,1.000000000000,0.000000000000,0.000000000000,184.452290654610,183.685150802757,186.258809280763,188.822772772949
2026,00-0039065,Sam LaPorta,TE,9,12.185823253787,12.100000000000,108.900000000000,-7.900000000000,2026-08-28,1.000000000000,0.000000000000,0.000000000000,115.105201112781,108.987550747141,117.275116322642,117.275116322642
2026,00-0039066,Michael Mayer,TE,13,4.961498818982,5.676923076923,73.800000000000,-38.960000000000,2026-08-28,1.000000000000,0.000000000000,0.000000000000,55.161612747609,54.811758773122,55.561886517539,55.561886517539
2026,00-0039067,Rashee Rice,WR,8,16.700548537234,18.762500000000,150.100000000000,-13.690000000000,2026-08-28,1.000000000000,0.000000000000,0.000000000000,152.590797372990,142.954879344283,160.041542131031,161.874596726569
2026,00-0039074,Davis Allen,TE,15,2.550020981956,3.694117647059,62.800000000000,-85.200000000000,2026-08-28,1.000000000000,0.000000000000,1.000000000000,39.923492124953,35.203577583528,34.858969702968,34.858969702968
2026,00-0039075,Puka Nacua,WR,16,21.470396248966,23.687500000000,379.000000000000,-2.110000000000,2026-08-28,1.000000000000,0.000000000000,0.000000000000,309.653709747640,288.101243189826,309.534916640685,286.048332066638
2026,00-0039139,Jahmyr Gibbs,RB,17,21.124411169567,22.170588235294,376.900000000000,-1.190000000000,2026-08-28,1.000000000000,0.000000000000,0.000000000000,290.553375441858,275.829146724994,293.618927839765,323.644105331413
2026,00-0039144,Luke Musgrave,TE,13,3.237431496226,2.894117647059,49.200000000000,-54.460000000000,2026-08-28,1.000000000000,1.000000000000,1.000000000000,35.995892152021,31.707903314876,40.220784624563,40.220784624563
2026,00-0039146,Jayden Reed,WR,5,10.580604058518,6.928571428571,48.500000000000,-44.980000000000,2026-08-28,1.000000000000,0.000000000000,1.000000000000,78.270299276722,74.030430271926,83.325788485480,90.647020076001
2026,00-0039150,Bryce Young,QB,16,13.222002452698,13.752500000000,220.040000000000,-26.040000000000,2026-08-28,1.000000000000,0.000000000000,1.000000000000,153.944754167640,151.428743085225,149.564727490157,161.553076579933
2026,00-0039163,C.J. Stroud,QB,14,15.423757956074,15.681428571429,219.540000000000,-23.300000000000,2026-08-28,1.000000000000,0.000000000000,0.000000000000,175.619822582243,173.963332152320,172.117944294162,186.045588436079
2026,00-0039164,Anthony Richardson,QB,2,12.844892008639,1.080000000000,2.160000000000,-44.750000000000,2026-08-28,1.000000000000,0.000000000000,0.000000000000,16.478814859008,12.561401492218,16.015525107417,23.607723357652
2026,00-0039165,Zach Charbonnet,RB,16,10.531310036436,11.337500000000,181.400000000000,-50.240000000000,2026-08-28,1.000000000000,1.000000000000,1.000000000000,126.463209477804,128.429211414084,115.308147114161,88.542571196058
2026,00-0039266,Kendall Milton,RB,1,0.200000000000,0.200000000000,0.200000000000,,,0.000000000000,0.000000000000,1.000000000000,7.750858555876,7.332068917906,6.659067737472,0.614145820273
2026,00-0039299,George Holani,RB,10,1.713333333333,2.080000000000,20.800000000000,-71.710000000000,2026-08-28,1.000000000000,0.000000000000,1.000000000000,19.319604939454,19.142268718048,21.627718994994,14.623321883439
2026,00-0039305,Jack Westover,TE,4,0.058823529412,0.058823529412,1.000000000000,-153.330000000000,2026-08-28,1.000000000000,0.000000000000,1.000000000000,2.680701903221,2.748437338981,-1.188416528743,-1.188416528743
2026,00-0039337,Malik Nabers,WR,4,17.333061224490,14.775000000000,59.100000000000,-13.420000000000,2026-08-28,1.000000000000,0.000000000000,0.000000000000,137.198262655933,124.502015317746,145.774920255582,156.365147097119
2026,00-0039338,Brock Bowers,TE,12,15.097658079625,14.683333333333,176.200000000000,-1.450000000000,2026-08-28,1.000000000000,0.000000000000,0.000000000000,176.927652426457,177.141074551036,175.636193650023,175.636193650023
2026,00-0039342,Xavier Legette,WR,15,6.643067226891,5.953333333333,89.300000000000,-96.270000000000,2026-08-28,1.000000000000,0.000000000000,0.000000000000,79.941088354234,69.231540471259,80.419316675535,85.127268764795
2026,00-0039355,Luke McCaffrey,WR,9,3.947683923706,5.922222222222,53.300000000000,-117.270000000000,2026-08-28,1.000000000000,0.000000000000,0.000000000000,44.043775523167,44.156531786532,45.730843938005,50.065138193247
2026,00-0039356,Ja'Tavion Sanders,TE,12,4.323853211009,4.153846153846,54.000000000000,-45.610000000000,2026-08-28,1.000000000000,0.000000000000,0.000000000000,53.137243673944,46.732423426784,56.652624042277,56.652624042277
2026,00-0039359,Cade Stover,TE,6,2.247246376812,2.211111111111,19.900000000000,-72.500000000000,2026-08-28,1.000000000000,0.000000000000,0.000000000000,20.445061917164,20.429852383652,26.585616109733,26.585616109733
2026,00-0039361,Bucky Irving,RB,10,14.259431524548,14.150000000000,141.500000000000,-21.250000000000,2026-08-28,1.000000000000,0.000000000000,0.000000000000,127.479207480230,121.339289114316,154.569259611971,134.322866803438
2026,00-0039363,Isaac Guerendo,RB,7,2.427064220183,0.000000000000,0.000000000000,-89.630000000000,2026-08-28,1.000000000000,1.000000000000,1.000000000000,21.648607147143,21.621472741481,22.279228775306,12.900632719041
2026,00-0039364,Sione Vaki,RB,8,0.245202020202,0.036363636364,0.400000000000,-104.000000000000,2026-08-28,1.000000000000,0.000000000000,0.000000000000,11.339428184947,11.238053599059,18.307732269502,24.439664907356
2026,00-0039373,Audric Estimé,RB,5,5.292226148410,6.871428571429,48.100000000000,-93.030000000000,2026-08-28,1.000000000000,0.000000000000,0.000000000000,53.138015543412,51.890914690715,55.245240256075,52.141695125471
2026,00-0039376,Spencer Rattler,QB,9,10.828326848249,11.348888888889,102.140000000000,-54.560000000000,2026-08-28,1.000000000000,0.000000000000,0.000000000000,58.166743661325,54.095697222251,54.878521547669,62.354678814201
2026,00-0039379,Jamari Thrash,WR,8,1.688888888889,2.300000000000,20.700000000000,,,1.000000000000,1.000000000000,1.000000000000,17.000429106528,16.861228895047,18.056070776087,14.634110218262
2026,00-0039384,Tyrone Tracy Jr.,RB,15,10.766529774127,10.720000000000,160.800000000000,-51.660000000000,2026-08-28,1.000000000000,0.000000000000,0.000000000000,136.023379813891,119.065083153721,135.989617660076,129.626424996370
2026,00-0039391,Kimani Vidal,RB,13,7.507297297297,9.300000000000,120.900000000000,-62.190000000000,2026-08-28,1.000000000000,0.000000000000,1.000000000000,92.127517189981,83.448670151714,90.296184349236,76.052842963645
2026,00-0039394,Casey Washington,WR,5,1.466666666667,2.200000000000,15.400000000000,-160.670000000000,2026-08-28,1.000000000000,0.000000000000,1.000000000000,12.611820395298,12.541846953971,12.124744749081,14.353333372835
2026,00-0039398,Joe Milton III,QB,4,4.835604395604,2.580000000000,10.320000000000,-44.750000000000,2026-08-28,1.000000000000,0.000000000000,0.000000000000,18.255815113026,19.189756229023,15.172137815729,24.717632709858
2026,00-0039405,Jawhar Jordan,RB,4,7.425000000000,7.425000000000,29.700000000000,-97.000000000000,2026-08-28,1.000000000000,0.000000000000,0.000000000000,53.814730831065,51.509061405977,56.178544540073,50.186742122941
2026,00-0039407,Dylan Laube,RB,17,0.204444444444,0.335294117647,5.700000000000,-114.500000000000,2026-08-28,1.000000000000,0.000000000000,0.000000000000,10.516070294269,9.835673123873,17.037433696861,22.332358311844
2026,00-0039410,Ryan Flournoy,WR,15,5.714739229025,7.250000000000,116.000000000000,-70.420000000000,2026-08-28,1.000000000000,0.000000000000,0.000000000000,75.042682966511,65.650652724180,75.690356053956,74.858017842357
2026,00-0039424,Devaughn Vele,WR,9,6.197270471464,5.100000000000,66.300000000000,-90.660000000000,2026-08-28,1.000000000000,0.000000000000,0.000000000000,59.701737993836,57.603043561573,61.415631284112,63.940115966567
2026,00-0039451,Isaiah Williams,WR,15,3.202577319588,4.046666666667,60.700000000000,-128.500000000000,2026-08-28,1.000000000000,0.000000000000,1.000000000000,39.251845840705,35.447120755114,36.897857449954,33.512960355390
2026,00-0039458,Brenden Bates,TE,5,0.684824902724,0.977777777778,8.800000000000,-131.330000000000,2026-08-28,1.000000000000,1.000000000000,1.000000000000,6.775132652282,6.597307581574,3.985209892365,3.985209892365
2026,00-0039489,Hayden Rucci,TE,1,0.000000000000,0.000000000000,0.000000000000,-127.500000000000,2026-08-28,1.000000000000,0.000000000000,1.000000000000,1.073904762213,1.056308752997,-1.086818427161,-1.086818427161
2026,00-0039491,Jalen Coker,WR,11,8.384633431085,8.218181818182,90.400000000000,-51.430000000000,2026-08-28,1.000000000000,0.000000000000,1.000000000000,80.118084072358,78.865250720868,83.475254218583,82.256101327957
2026,00-0039521,Xavier Weaver,WR,7,1.234234234234,1.370000000000,13.700000000000,-183.330000000000,2026-08-28,1.000000000000,1.000000000000,1.000000000000,11.175897423214,11.085470520083,12.069975157144,8.574908967440
2026,00-0039530,Brevyn Spann-Ford,TE,16,1.282352941176,1.411764705882,24.000000000000,-98.400000000000,2026-08-28,1.000000000000,0.000000000000,0.000000000000,26.254026525979,27.527696317367,21.245137922065,21.245137922065
2026,00-0039577,Kedon Slovis,QB,2,-0.040000000000,-0.040000000000,-0.080000000000,,,1.000000000000,0.000000000000,0.000000000000,-0.002964053573,-0.019438092105,0.044009136674,1.674519193848
2026,00-0039589,Kameron Johnson,WR,17,0.926835443038,1.041176470588,17.700000000000,-180.200000000000,2026-08-28,1.000000000000,0.000000000000,0.000000000000,14.913273702040,13.387521913001,15.156354228218,13.284803123803
2026,00-0039603,British Brooks,RB,8,0.445633802817,0.520000000000,7.800000000000,-123.200000000000,2026-08-28,1.000000000000,0.000000000000,0.000000000000,9.590811171169,9.461580159980,12.020122797464,8.894166132681
2026,00-0039623,Mason Tipton,WR,8,1.760892388451,1.569230769231,20.400000000000,-172.800000000000,2026-08-28,1.000000000000,1.000000000000,1.000000000000,17.515541843758,17.491654582219,18.414482577954,13.072655598870
2026,00-0039631,Cam Grandy,TE,2,0.743617021277,0.540000000000,2.700000000000,-140.330000000000,2026-08-28,0.000000000000,0.000000000000,1.000000000000,4.471173681233,4.348488343614,2.301850608567,2.301850608567
2026,00-0039648,David Martin-Robinson,TE,11,0.702784810127,0.764705882353,13.000000000000,-127.250000000000,2026-08-28,1.000000000000,0.000000000000,0.000000000000,9.210030321175,8.752736468131,5.100630656638,5.100630656638
2026,00-0039650,Bryce Oliver,WR,2,1.214705882353,0.600000000000,1.800000000000,,,1.000000000000,0.000000000000,1.000000000000,7.148930928879,7.262111518310,8.149694473362,8.936030152802
2026,00-0039686,Colson Yankoff,TE,10,0.219653179191,0.271428571429,3.800000000000,-125.670000000000,2026-08-28,1.000000000000,0.000000000000,0.000000000000,3.976549689260,3.833533463525,0.458591092355,0.458591092355
2026,00-0039710,Jeshaun Jones,WR,1,0.000000000000,0.000000000000,0.000000000000,-142.500000000000,2026-08-28,1.000000000000,0.000000000000,1.000000000000,2.470886660904,2.527999816050,2.851464476315,4.263718784190
2026,00-0039732,Bo Nix,QB,17,18.470588235294,18.108235294118,307.840000000000,-12.890000000000,2026-08-28,1.000000000000,1.000000000000,1.000000000000,236.161697009033,239.551870546672,228.479980411312,217.803408158990
2026,00-0039737,Tip Reiman,TE,3,0.759176029963,1.200000000000,4.800000000000,-95.200000000000,2026-08-28,1.000000000000,1.000000000000,1.000000000000,10.223397948770,10.003262361726,15.636771904915,15.636771904915
2026,00-0039738,Blake Corum,RB,17,5.412713472486,7.305882352941,124.200000000000,-37.200000000000,2026-08-28,1.000000000000,0.000000000000,0.000000000000,79.842171286465,80.504093705489,84.770418118245,89.717932778365
2026,00-0039739,Roman Wilson,WR,9,2.969230769231,2.969230769231,38.600000000000,,,1.000000000000,0.000000000000,0.000000000000,30.455253053924,30.711607292588,31.631091110870,36.894338341284
2026,00-0039746,Will Shipley,RB,14,1.182142857143,1.300000000000,19.500000000000,-92.810000000000,2026-08-28,1.000000000000,0.000000000000,0.000000000000,22.323288618634,21.130725931231,31.432219507050,38.863669262602
2026,00-0039751,Jordan Whittington,WR,15,2.687628865979,2.268750000000,36.300000000000,-132.000000000000,2026-08-28,1.000000000000,0.000000000000,0.000000000000,32.520165957412,29.472761669067,32.992400660535,37.435698179020
2026,00-0039754,Devin Culp,TE,4,0.964444444444,0.584615384615,7.600000000000,-117.400000000000,2026-08-28,1.000000000000,0.000000000000,0.000000000000,7.491976686026,7.401628454623,14.963585740350,14.963585740350
2026,00-0039757,Terrell Jennings,RB,6,1.967052023121,2.171428571429,15.200000000000,-107.290000000000,2026-08-28,0.000000000000,0.000000000000,1.000000000000,19.799892325898,19.063980022533,15.091406922499,5.650461318701
2026,00-0039792,Devontez Walker,WR,8,2.513569321534,3.133333333333,37.600000000000,-127.200000000000,2026-08-28,1.000000000000,0.000000000000,0.000000000000,24.954221568835,24.823150413567,26.252403226794,31.857862350998
2026,00-0039793,AJ Barner,TE,17,7.228652751423,8.664705882353,147.300000000000,-24.070000000000,2026-08-28,1.000000000000,0.000000000000,0.000000000000,108.004780634425,111.932491837940,108.261857166599,108.261857166599
2026,00-0039794,Braelon Allen,RB,4,4.656179775281,3.825000000000,15.300000000000,-56.060000000000,2026-08-28,1.000000000000,0.000000000000,0.000000000000,34.997241041589,32.619015843392,43.559449828732,42.325283860984
2026,00-0039796,Rasheen Ali,RB,15,1.415573770492,1.613333333333,24.200000000000,-107.230000000000,2026-08-28,1.000000000000,0.000000000000,0.000000000000,24.062278800105,22.573786841267,30.356595172113,34.451456495992
2026,00-0039798,Isaiah Davis,RB,16,3.804536489152,4.450000000000,71.200000000000,-73.400000000000,2026-08-28,1.000000000000,1.000000000000,1.000000000000,54.724709080715,49.353823013219,48.800203742919,31.389776733334
2026,00-0039816,Anthony Gould,WR,11,0.286688311688,0.236363636364,2.600000000000,-188.200000000000,2026-08-28,1.000000000000,0.000000000000,0.000000000000,6.077247431738,6.078735305823,6.387721311968,12.609824984617
2026,00-0039824,Jared Wiley,TE,2,0.263841807910,0.280000000000,1.400000000000,-100.800000000000,2026-08-28,1.000000000000,0.000000000000,0.000000000000,2.405463045641,2.350010503396,7.132156732894,7.132156732894
2026,00-0039847,Theo Johnson,TE,15,7.743287037037,8.653333333333,129.800000000000,-35.890000000000,2026-08-28,1.000000000000,0.000000000000,0.000000000000,97.688672975563,94.385178086692,98.246662158876,98.246662158876
2026,00-0039849,Marvin Harrison Jr.,WR,12,11.125292740047,10.650000000000,127.800000000000,-32.430000000000,2026-08-28,1.000000000000,0.000000000000,1.000000000000,111.739689532159,107.945688388715,116.179839113227,129.538823991905
2026,00-0039851,Drake Maye,QB,17,18.902153209110,21.056470588235,357.960000000000,-3.270000000000,2026-08-28,1.000000000000,0.000000000000,0.000000000000,244.514924499751,246.010224465201,237.923586967102,266.555167299309
2026,00-0039855,Jalen McMillan,WR,4,9.360538116592,7.475000000000,29.900000000000,-66.350000000000,2026-08-28,1.000000000000,0.000000000000,0.000000000000,69.695673518382,67.524133268029,73.361349300231,78.041993271703
2026,00-0039868,Troy Franklin,WR,17,8.294767441860,10.417647058824,177.100000000000,-80.330000000000,2026-08-28,1.000000000000,0.000000000000,0.000000000000,127.981562360632,105.089579796384,127.372862887671,125.737648012402
2026,00-0039874,Jaylen Wright,RB,9,3.445753424658,4.820000000000,48.200000000000,-68.970000000000,2026-08-28,1.000000000000,0.000000000000,0.000000000000,41.085218380180,39.507384306870,49.120371318004,50.807265493379
2026,00-0039875,Ray Davis,RB,17,4.918595825427,3.770588235294,64.100000000000,-59.710000000000,2026-08-28,1.000000000000,1.000000000000,1.000000000000,58.213235691682,60.114748272906,50.298277425266,31.959231021654
2026,00-0039880,Malik Washington,WR,17,5.989473684211,6.864705882353,116.700000000000,-72.360000000000,2026-08-28,1.000000000000,0.000000000000,1.000000000000,75.030701050611,75.069034969246,77.394886206449,82.390496911617
2026,00-0039884,Tahj Washington,WR,2,0.783333333333,0.783333333333,4.700000000000,-150.000000000000,2026-08-28,1.000000000000,0.000000000000,1.000000000000,6.628629712098,6.655480360944,6.460997196851,7.171076120223
2026,00-0039890,Adonai Mitchell,WR,16,4.752189349112,5.681250000000,90.900000000000,-64.840000000000,2026-08-28,1.000000000000,0.000000000000,0.000000000000,67.176923123663,68.130341761041,68.584389626032,72.911990355066
2026,00-0039893,Brian Thomas Jr.,WR,14,12.775160599572,9.914285714286,138.800000000000,-36.310000000000,2026-08-28,1.000000000000,0.000000000000,0.000000000000,143.088613731219,143.423158002095,146.081640856818,147.153653914191
2026,00-0039894,Xavier Worthy,WR,14,9.186723768737,7.850000000000,109.900000000000,-52.960000000000,2026-08-28,1.000000000000,0.000000000000,0.000000000000,107.409430070796,106.596324516577,109.337793452275,113.883263817868
2026,00-0039901,Keon Coleman,WR,12,8.179900744417,7.876923076923,102.400000000000,-91.040000000000,2026-08-28,1.000000000000,0.000000000000,0.000000000000,96.189138528127,84.662479030281,97.227615667186,100.509548206283
2026,00-0039910,Jayden Daniels,QB,7,19.295474006116,16.325714285714,114.280000000000,-5.550000000000,2026-08-28,1.000000000000,0.000000000000,0.000000000000,154.598489841943,155.867076391279,148.767439185700,178.835644281506
2026,00-0039912,Ben Sinnott,TE,9,1.419723865878,1.775000000000,28.400000000000,-56.950000000000,2026-08-28,1.000000000000,0.000000000000,0.000000000000,21.824837010842,21.398148860303,28.996312135009,28.996312135009
2026,00-0039915,Ladd McConkey,WR,16,12.747782258065,11.306250000000,180.900000000000,-17.920000000000,2026-08-28,1.000000000000,0.000000000000,0.000000000000,153.555973909310,156.928081027338,155.961251280704,163.186707693554
2026,00-0039916,Ricky Pearsall,WR,9,9.377076411960,9.844444444444,88.600000000000,,,1.000000000000,1.000000000000,1.000000000000,91.689698195600,85.222300297226,94.112799930714,75.737617544828
2026,00-0039917,Michael Penix Jr.,QB,9,12.556170212766,13.697777777778,123.280000000000,-32.540000000000,2026-08-28,1.000000000000,0.000000000000,0.000000000000,68.442618969430,64.616558030947,64.707526093987,82.461277185756
2026,00-0039918,Caleb Williams,QB,17,17.866299810247,19.392941176471,329.680000000000,-7.480000000000,2026-08-28,1.000000000000,0.000000000000,1.000000000000,233.700502812166,238.237087597249,226.471099767331,256.112598676366
2026,00-0039919,Rome Odunze,WR,12,10.575878220141,12.175000000000,146.100000000000,-28.370000000000,2026-08-28,1.000000000000,0.000000000000,0.000000000000,111.782730368006,107.827213403536,116.408038670543,121.901668063745
2026,00-0039920,Malachi Corley,WR,12,1.980459770115,2.430769230769,31.600000000000,-190.000000000000,2026-08-28,1.000000000000,0.000000000000,1.000000000000,23.093202371403,22.502263793146,23.869033627723,26.711676445325
2026,00-0039921,Trey Benson,RB,4,5.493273542601,8.850000000000,35.400000000000,-82.880000000000,2026-08-28,0.000000000000,0.000000000000,1.000000000000,49.732380118611,47.553298375179,42.861916041070,38.421492607682
2026,00-0039923,J.J. McCarthy,QB,10,12.538000000000,12.538000000000,125.380000000000,-38.150000000000,2026-08-28,1.000000000000,0.000000000000,0.000000000000,74.565213431984,69.742341600428,70.079102332015,87.519986890119
2026,00-0040009,Savion Williams,WR,12,2.125000000000,2.125000000000,25.500000000000,-126.070000000000,2026-08-28,1.000000000000,1.000000000000,1.000000000000,23.417980764600,22.737134208161,24.172619993073,27.673254213843
2026,00-0040021,Phil Mafah,RB,1,10.900000000000,10.900000000000,10.900000000000,-102.530000000000,2026-08-28,1.000000000000,0.000000000000,1.000000000000,89.363259362862,85.316876520277,94.409096074916,89.217340061127
2026,00-0040024,Darius Cooper,WR,6,1.400000000000,1.400000000000,18.200000000000,-192.400000000000,2026-08-28,1.000000000000,0.000000000000,0.000000000000,14.607311597197,14.499090536826,15.496113389760,15.587200520832
2026,00-0040039,Amar Johnson,RB,1,0.800000000000,0.800000000000,0.800000000000,-160.670000000000,2026-08-28,1.000000000000,0.000000000000,1.000000000000,13.645555002948,12.884342414707,15.571670516958,10.296939761503
2026,00-0040058,Nick Kallerup,TE,4,0.000000000000,0.000000000000,0.000000000000,-155.000000000000,2026-08-28,1.000000000000,0.000000000000,0.000000000000,1.533917331321,1.517440251124,-1.334534845803,-1.334534845803
2026,00-0040067,Jacardia Wright,RB,1,2.000000000000,2.000000000000,2.000000000000,,,1.000000000000,0.000000000000,1.000000000000,17.807198154133,16.769619583862,19.439062218389,11.873751853046
2026,00-0040075,LaJohntay Wester,WR,14,0.000000000000,0.000000000000,0.000000000000,-215.000000000000,2026-08-28,1.000000000000,0.000000000000,0.000000000000,5.194362626456,4.976210420704,5.332968670263,17.468252603830
2026,00-0040078,Brashard Smith,RB,17,3.723529411765,3.723529411765,63.300000000000,-82.720000000000,2026-08-28,1.000000000000,0.000000000000,0.000000000000,58.602198811708,51.786755924602,68.057482499972,66.881734875374
2026,00-0040122,Ashton Jeanty,RB,17,14.947058823529,14.947058823529,254.100000000000,-9.470000000000,2026-08-28,1.000000000000,0.000000000000,0.000000000000,195.402259465942,193.874622108531,214.978591014247,261.222514355359
2026,00-0040124,Tetairoa McMillan,WR,17,12.670588235294,12.670588235294,215.400000000000,-18.120000000000,2026-08-28,1.000000000000,0.000000000000,0.000000000000,169.940567908969,169.335171409643,171.624480676478,177.605601579981
2026,00-0040126,Colston Loveland,TE,16,10.506250000000,10.506250000000,168.100000000000,-3.230000000000,2026-08-28,1.000000000000,0.000000000000,0.000000000000,139.478965407222,142.309028646417,139.287973650602,139.287973650602
2026,00-0040128,Tyler Warren,TE,17,11.088235294118,11.088235294118,188.500000000000,-3.990000000000,2026-08-28,1.000000000000,0.000000000000,0.000000000000,154.381331821382,153.982818725951,153.241832001979,153.241832001979
2026,00-0040129,Emeka Egbuka,WR,17,11.688235294118,11.688235294118,198.700000000000,-20.550000000000,2026-08-28,1.000000000000,0.000000000000,0.000000000000,155.057876469228,156.407848762703,156.919862023261,177.143201661985
2026,00-0040130,Jayden Higgins,WR,17,7.794117647059,7.794117647059,132.500000000000,,,1.000000000000,0.000000000000,0.000000000000,111.137048063317,91.678668243336,110.687828910668,120.480868429133
2026,00-0040131,Kyle Williams,WR,14,3.070588235294,3.070588235294,52.200000000000,-101.000000000000,2026-08-28,1.000000000000,0.000000000000,0.000000000000,42.207069385091,38.144584091166,42.734517341605,53.978832024490
2026,00-0040134,Pat Bryant,WR,13,4.986666666667,4.986666666667,74.800000000000,-72.140000000000,2026-08-28,1.000000000000,0.000000000000,0.000000000000,61.672074527238,55.434997854724,62.494444193413,72.953639899442
2026,00-0040138,Jaylin Noel,WR,17,4.141176470588,4.141176470588,70.400000000000,-75.000000000000,2026-08-28,1.000000000000,0.000000000000,1.000000000000,59.019117860069,50.406670099508,59.152973779895,70.771405168125
2026,00-0040142,Kaleb Johnson,RB,10,0.880000000000,0.880000000000,8.800000000000,-86.530000000000,2026-08-28,1.000000000000,0.000000000000,0.000000000000,19.206955535953,19.198562169193,32.816573071755,42.416968123469
2026,00-0040154,Tai Felton,WR,12,0.323529411765,0.323529411765,5.500000000000,-140.450000000000,2026-08-28,1.000000000000,0.000000000000,0.000000000000,10.871761923929,10.536550404046,11.156544990664,22.601929461418
2026,00-0040162,Dylan Sampson,RB,15,6.040000000000,6.040000000000,90.600000000000,-48.810000000000,2026-08-28,1.000000000000,0.000000000000,0.000000000000,76.312668716432,78.082822441878,87.828205655177,93.251508949138
2026,00-0040164,Jaylin Lane,WR,15,3.413333333333,3.413333333333,51.200000000000,-130.910000000000,2026-08-28,1.000000000000,0.000000000000,0.000000000000,42.255651817688,37.961951822529,42.802050360390,52.941320223452
2026,00-0040170,Elic Ayomanor,WR,16,7.281250000000,7.281250000000,116.500000000000,-92.830000000000,2026-08-28,1.000000000000,0.000000000000,0.000000000000,99.241979747883,83.258459223710,99.218838511763,105.457216684996
2026,00-0040172,Jordan Watkins,WR,2,1.150000000000,1.150000000000,4.600000000000,-157.250000000000,2026-08-28,1.000000000000,0.000000000000,0.000000000000,8.502091733125,8.519653177841,9.572274939170,17.958045578792
2026,00-0040179,DJ Giddens,RB,5,1.066666666667,1.066666666667,9.600000000000,-78.490000000000,2026-08-28,1.000000000000,0.000000000000,0.000000000000,17.714885618397,17.195741435344,28.127274526436,33.252674394999
2026,00-0040184,KeAndre Lambert-Smith,WR,10,1.610000000000,1.610000000000,16.100000000000,-159.140000000000,2026-08-28,1.000000000000,1.000000000000,1.000000000000,17.054336431687,17.089081907174,17.830958009770,21.167882073608
2026,00-0040187,Mitchell Evans,TE,14,2.835294117647,2.835294117647,48.200000000000,-55.200000000000,2026-08-28,1.000000000000,0.000000000000,0.000000000000,41.247500992308,36.665007852842,52.924286714363,52.924286714363
2026,00-0040189,Oronde Gadsden II,TE,15,8.760000000000,8.760000000000,131.400000000000,-25.450000000000,2026-08-28,1.000000000000,0.000000000000,0.000000000000,122.041560697257,102.092037189452,123.958162404076,123.958162404076
2026,00-0040194,Jackson Hawes,TE,13,3.100000000000,3.100000000000,52.700000000000,-64.150000000000,2026-08-28,1.000000000000,0.000000000000,0.000000000000,41.087016129422,37.390816746840,49.202865865257,49.202865865257
2026,00-0040198,Ollie Gordon II,RB,17,3.182352941176,3.182352941176,54.100000000000,-72.870000000000,2026-08-28,1.000000000000,0.000000000000,0.000000000000,50.872118973712,45.143627813974,61.158607527005,63.077264826810
2026,00-0040202,Devin Neal,RB,9,6.666666666667,6.666666666667,60.000000000000,-80.020000000000,2026-08-28,1.000000000000,0.000000000000,1.000000000000,70.795161560093,67.276059261221,77.423055339711,74.511759775805
2026,00-0040205,Kalel Mullings,RB,4,0.077777777778,0.077777777778,0.700000000000,-141.330000000000,2026-08-28,1.000000000000,0.000000000000,0.000000000000,10.754338980340,10.343106293087,20.580083492304,23.587081318094
2026,00-0040206,Riley Leonard,QB,5,6.800000000000,6.800000000000,34.000000000000,-45.440000000000,2026-08-28,1.000000000000,0.000000000000,0.000000000000,29.151867089148,27.428936699523,34.454237625432,38.317972334479
2026,00-0040208,Tahj Brooks,RB,12,0.400000000000,0.400000000000,6.400000000000,-90.590000000000,2026-08-28,1.000000000000,0.000000000000,0.000000000000,15.113784114928,14.780443202630,25.971639350127,31.050361821493
2026,00-0040218,Jimmy Horn Jr.,WR,10,2.207692307692,2.207692307692,28.700000000000,-157.330000000000,2026-08-28,1.000000000000,0.000000000000,0.000000000000,26.763687934804,26.437473910943,27.659269785697,37.209220282367
2026,00-0040225,Thomas Fidone II,TE,1,0.000000000000,0.000000000000,0.000000000000,-98.750000000000,2026-08-28,1.000000000000,0.000000000000,1.000000000000,2.265046224669,2.221108230542,2.849651346504,2.849651346504
2026,00-0040234,Quinn Ewers,QB,4,9.045000000000,9.045000000000,36.180000000000,-49.830000000000,2026-08-28,1.000000000000,0.000000000000,0.000000000000,39.558151234623,36.910949476381,43.865647416265,50.586610887424
2026,00-0040236,Kyle Monangai,RB,17,8.629411764706,8.629411764706,146.700000000000,-38.820000000000,2026-08-28,1.000000000000,0.000000000000,0.000000000000,112.949069131849,110.258880622849,120.248087002489,112.851289845157
2026,00-0040237,Tez Johnson,WR,15,5.900000000000,5.900000000000,94.400000000000,-114.050000000000,2026-08-28,1.000000000000,0.000000000000,0.000000000000,74.290734669443,64.861784743905,74.784686432040,83.041124883531
2026,00-0040238,LeQuint Allen Jr.,RB,16,1.458823529412,1.458823529412,24.800000000000,-75.920000000000,2026-08-28,1.000000000000,0.000000000000,0.000000000000,31.333196269065,28.495566449016,40.824009632766,44.757458850538
2026,00-0040241,Dominic Lovett,WR,2,0.000000000000,0.000000000000,0.000000000000,,,1.000000000000,0.000000000000,0.000000000000,4.744626980542,4.668503738630,5.216579380656,13.933471836304
2026,00-0040242,Jacory Croskey-Merritt,RB,17,8.429411764706,8.429411764706,143.300000000000,-37.560000000000,2026-08-28,1.000000000000,0.000000000000,0.000000000000,102.268210572273,104.138766542023,122.582913808561,112.727191492621
2026,00-0040244,Moliki Matavao,TE,1,0.500000000000,0.500000000000,3.000000000000,-94.600000000000,2026-08-28,1.000000000000,0.000000000000,0.000000000000,5.161986948195,5.044200595364,9.708549859267,9.708549859267
2026,00-0040259,Gage Larvadain,WR,13,1.107692307692,1.107692307692,14.400000000000,-191.750000000000,2026-08-28,0.000000000000,0.000000000000,1.000000000000,17.819850887630,16.882877653409,13.108639947346,13.009196404285
2026,00-0040277,Jahdae Walker,WR,6,2.966666666667,2.966666666667,26.700000000000,-144.600000000000,2026-08-28,1.000000000000,0.000000000000,0.000000000000,24.473618171859,24.129739350775,26.072148768158,27.560938302518
2026,00-0040311,Theo Wease Jr.,WR,3,9.633333333333,9.633333333333,28.900000000000,-153.250000000000,2026-08-28,0.000000000000,0.000000000000,1.000000000000,76.432827448106,73.907069287960,53.049052972314,56.638002137284
2026,00-0040317,Jacoby Jones,WR,1,3.500000000000,3.500000000000,3.500000000000,,,1.000000000000,0.000000000000,1.000000000000,21.716247498964,21.359049599814,24.162309084902,23.205679077337
2026,00-0040352,Coleman Owen,WR,2,0.000000000000,0.000000000000,0.000000000000,-155.670000000000,2026-08-28,1.000000000000,0.000000000000,1.000000000000,2.622464237566,2.663948793505,2.988627862388,5.030073916195
2026,00-0040363,Keleki Latu,TE,3,1.500000000000,1.500000000000,7.500000000000,,,1.000000000000,0.000000000000,0.000000000000,12.291027185063,11.913159510738,8.959544776240,8.959544776240
2026,00-0040388,Jakobie Keeney-James,WR,1,3.500000000000,3.500000000000,3.500000000000,-159.000000000000,2026-08-28,0.000000000000,0.000000000000,1.000000000000,21.725779865909,21.368425174412,13.179516388294,15.003008966524
2026,00-0040398,Brady Cook,QB,5,5.692000000000,5.692000000000,28.460000000000,-79.000000000000,2026-08-28,1.000000000000,0.000000000000,0.000000000000,4.141250435082,3.217961916953,2.376033649946,5.802802378286
2026,00-0040406,Quentin Skinner,WR,1,4.000000000000,4.000000000000,4.000000000000,,,1.000000000000,0.000000000000,1.000000000000,25.008593293002,24.504879097828,24.262629551999,23.665053189328
2026,00-0040429,Josh Williams,RB,2,0.366666666667,0.366666666667,1.100000000000,-119.750000000000,2026-08-28,1.000000000000,0.000000000000,1.000000000000,8.457448679638,8.024234281521,13.289453899796,8.800653607330
2026,00-0040431,Dalen Cambre,WR,3,0.000000000000,0.000000000000,0.000000000000,-235.500000000000,2026-08-28,1.000000000000,0.000000000000,0.000000000000,2.796365790622,2.818777841139,3.144675553782,5.424611430721
2026,00-0040432,Beaux Collins,WR,4,0.500000000000,0.500000000000,4.500000000000,,,1.000000000000,0.000000000000,1.000000000000,7.677003084464,7.597949313247,7.402943885160,7.276536039920
2026,00-0040466,Raheim Sanders,RB,4,5.075000000000,5.075000000000,20.300000000000,-94.670000000000,2026-08-28,1.000000000000,0.000000000000,0.000000000000,41.038053235103,39.348892912033,44.041460439350,36.359306018230
2026,00-0040476,Ulysses Bentley IV,RB,1,0.000000000000,0.000000000000,0.000000000000,-132.750000000000,2026-08-28,1.000000000000,0.000000000000,1.000000000000,7.040718355945,6.664893136382,9.278003928192,5.501448845575
2026,00-0040488,Carter Runyon,TE,3,0.100000000000,0.100000000000,1.300000000000,-160.000000000000,2026-08-28,1.000000000000,0.000000000000,0.000000000000,2.502274774991,2.505937024886,-0.776645230217,-0.776645230217
2026,00-0040494,Max Brosmer,QB,7,0.602857142857,0.602857142857,4.220000000000,-102.000000000000,2026-08-28,1.000000000000,0.000000000000,0.000000000000,-1.755703997081,-1.430569043732,-2.109768675593,0.386245580076
2026,00-0040506,Myles Price,WR,16,0.000000000000,0.000000000000,0.000000000000,-179.500000000000,2026-08-28,1.000000000000,0.000000000000,0.000000000000,5.676665527600,5.232085889771,5.776956186944,7.505502436911
2026,00-0040509,Ben Yurosek,TE,6,0.283333333333,0.283333333333,3.400000000000,-106.000000000000,2026-08-28,1.000000000000,0.000000000000,0.000000000000,5.845823549063,5.929973293530,1.632355920952,1.632355920952
2026,00-0040522,Xavier Restrepo,WR,2,3.550000000000,3.550000000000,7.100000000000,-147.750000000000,2026-08-28,1.000000000000,0.000000000000,1.000000000000,23.076607790076,22.656269762748,25.431959811462,25.487902462104
2026,00-0040534,Ke'Shawn Williams,WR,11,0.227272727273,0.227272727273,2.500000000000,-190.250000000000,2026-08-28,1.000000000000,0.000000000000,0.000000000000,6.328158868178,6.385391768213,6.604668356895,9.252087044362
2026,00-0040547,Nate Carter,RB,2,0.571428571429,0.571428571429,4.000000000000,-119.500000000000,2026-08-28,1.000000000000,0.000000000000,1.000000000000,10.179188416454,9.650184704907,14.524465794776,9.806812678162
2026,00-0040556,Corey Kiner,RB,4,2.325000000000,2.325000000000,9.300000000000,,,1.000000000000,0.000000000000,1.000000000000,22.100155905850,21.130988282550,27.288906830114,21.465575592842
2026,00-0040563,Efton Chism III,WR,8,2.062500000000,2.062500000000,16.500000000000,-176.200000000000,2026-08-28,1.000000000000,0.000000000000,0.000000000000,18.780453263943,18.633004717164,19.873367869484,21.160933559675
2026,00-0040581,Dont'e Thornton Jr.,WR,11,1.566666666667,1.566666666667,23.500000000000,-126.730000000000,2026-08-28,1.000000000000,0.000000000000,0.000000000000,22.007577110141,21.444273670191,22.649649778873,32.912211796249
2026,00-0040582,Arian Smith,WR,13,0.843750000000,0.843750000000,13.500000000000,-186.200000000000,2026-08-28,1.000000000000,0.000000000000,1.000000000000,13.523680470211,12.992722837454,12.805964794853,22.639360596776
2026,00-0040583,Woody Marks,RB,16,9.068750000000,9.068750000000,145.100000000000,-45.020000000000,2026-08-28,1.000000000000,0.000000000000,0.000000000000,113.664438193127,112.067284001972,121.935497656523,121.782521242151
2026,00-0040584,Gunnar Helm,TE,16,5.731250000000,5.731250000000,91.700000000000,-25.900000000000,2026-08-28,1.000000000000,0.000000000000,0.000000000000,76.520012192836,77.287394549565,78.004273132413,78.004273132413
2026,00-0040586,Jaydon Blue,RB,5,4.080000000000,4.080000000000,20.400000000000,-66.710000000000,2026-08-28,1.000000000000,0.000000000000,0.000000000000,32.637478542325,30.712336271334,44.104275460227,48.782807285940
2026,00-0040590,Konata Mumpfield,WR,10,1.482352941176,1.482352941176,25.200000000000,-114.760000000000,2026-08-28,1.000000000000,0.000000000000,0.000000000000,21.643406842390,21.408200031214,22.294798697823,32.171857707773
2026,00-0040628,Drake Dabney,TE,1,0.650000000000,0.650000000000,1.300000000000,-101.250000000000,2026-08-28,1.000000000000,0.000000000000,1.000000000000,6.008829413022,5.863670937816,3.146748654278,3.146748654278
2026,00-0040629,Dalevon Campbell,WR,1,0.000000000000,0.000000000000,0.000000000000,-187.670000000000,2026-08-28,1.000000000000,0.000000000000,1.000000000000,2.482739897688,2.540127033733,2.439532417424,2.964270432376
2026,00-0040644,Trevor Etienne,RB,17,0.805882352941,0.805882352941,13.700000000000,-90.120000000000,2026-08-28,1.000000000000,0.000000000000,0.000000000000,25.302977797124,22.886997005123,37.874700013342,50.009402891660
2026,00-0040646,Jalen Royals,WR,2,0.342857142857,0.342857142857,2.400000000000,-119.580000000000,2026-08-28,1.000000000000,0.000000000000,0.000000000000,5.831819901067,5.826176586799,6.535096927404,14.893040419765
2026,00-0040648,Tory Horton,WR,8,8.137500000000,8.137500000000,65.100000000000,-95.380000000000,2026-08-28,1.000000000000,0.000000000000,0.000000000000,79.185772783310,75.159761620093,81.574275463783,89.551514614144
2026,00-0040649,Robbie Ouzts,RB,4,0.000000000000,0.000000000000,0.000000000000,,,1.000000000000,1.000000000000,1.000000000000,11.592059002618,11.229925052952,15.688730737177,8.151183157640
2026,00-0040663,Harold Fannin Jr.,TE,16,11.650000000000,11.650000000000,186.400000000000,-6.140000000000,2026-08-28,1.000000000000,0.000000000000,0.000000000000,154.478871223512,154.982697441592,161.563438876669,161.563438876669
2026,00-0040666,Omarion Hampton,RB,9,15.411111111111,15.411111111111,138.700000000000,-9.150000000000,2026-08-28,1.000000000000,0.000000000000,0.000000000000,135.661024910084,128.600951202008,162.231848876206,184.628895299693
2026,00-0040667,Matthew Golden,WR,14,5.000000000000,5.000000000000,70.000000000000,-52.840000000000,2026-08-28,1.000000000000,0.000000000000,0.000000000000,62.665930194004,55.435340157629,63.343883387886,76.645514344840
2026,00-0040668,Shedeur Sanders,QB,8,11.362500000000,11.362500000000,90.900000000000,-34.290000000000,2026-08-28,1.000000000000,0.000000000000,1.000000000000,63.281778182951,58.100955139894,70.461923906637,76.008797038601
2026,00-0040669,Isaac TeSlaa,WR,14,4.464705882353,4.464705882353,75.900000000000,-80.060000000000,2026-08-28,1.000000000000,0.000000000000,0.000000000000,55.471259046194,49.959975108373,56.124407124469,69.113735914139
2026,00-0040673,Jalen Milroe,QB,3,-0.533333333333,-0.533333333333,-1.600000000000,-57.290000000000,2026-08-28,1.000000000000,0.000000000000,0.000000000000,-0.279813085560,-1.010599435930,-0.110957420939,2.329473761232
2026,00-0040676,Cam Ward,QB,17,11.097647058824,11.097647058824,188.660000000000,-25.000000000000,2026-08-28,1.000000000000,0.000000000000,0.000000000000,137.938867673917,132.177217259491,148.593012540115,173.678333311785
2026,00-0040691,Jaxson Dart,QB,14,17.541428571429,17.541428571429,245.580000000000,-13.070000000000,2026-08-28,1.000000000000,0.000000000000,0.000000000000,196.962735869982,200.784418766872,212.048874992713,228.210169985058
2026,00-0040704,Dillon Gabriel,QB,10,7.008000000000,7.008000000000,70.080000000000,-69.000000000000,2026-08-28,1.000000000000,1.000000000000,1.000000000000,14.738161534584,11.147347944401,19.830418449614,15.696581759456
2026,00-0040705,Chimere Dike,WR,17,7.535294117647,7.535294117647,128.100000000000,-89.790000000000,2026-08-28,1.000000000000,0.000000000000,0.000000000000,102.307794863692,85.484557932009,102.118165221545,112.184571444416
2026,00-0040715,Cam Skattebo,RB,8,15.962500000000,15.962500000000,127.700000000000,-20.610000000000,2026-08-28,1.000000000000,0.000000000000,0.000000000000,129.591719069184,121.117287372224,147.835379072433,140.293761557471
2026,00-0040718,Travis Hunter,WR,7,9.114285714286,9.114285714286,63.800000000000,-72.340000000000,2026-08-28,1.000000000000,0.000000000000,0.000000000000,87.034972990851,83.094985213888,89.793755481159,101.813663182124
2026,00-0040719,Bhayshul Tuten,RB,15,5.906666666667,5.906666666667,88.600000000000,-24.000000000000,2026-08-28,1.000000000000,0.000000000000,0.000000000000,65.787461777733,64.623111676933,77.843822053755,82.405221724760
2026,00-0040727,Tre Harris,WR,16,4.082352941176,4.082352941176,69.400000000000,-69.570000000000,2026-08-28,1.000000000000,0.000000000000,0.000000000000,53.178931921759,46.655358168554,53.551575339122,67.399789602427
2026,00-0040729,Jack Bech,WR,14,2.650000000000,2.650000000000,42.400000000000,-87.780000000000,2026-08-28,1.000000000000,0.000000000000,0.000000000000,36.541430397978,33.213741056952,37.068203221201,49.802735113576
2026,00-0040730,RJ Harvey,RB,17,12.270588235294,12.270588235294,208.600000000000,-33.830000000000,2026-08-28,1.000000000000,0.000000000000,0.000000000000,159.356881272404,150.444315636057,172.038172058169,189.863658054062
2026,00-0040734,TreVeyon Henderson,RB,17,12.835294117647,12.835294117647,218.200000000000,-25.410000000000,2026-08-28,1.000000000000,0.000000000000,0.000000000000,176.192762037822,163.776448642923,190.481044765576,210.130063078946
2026,00-0040735,Luther Burden III,WR,15,8.726666666667,8.726666666667,130.900000000000,-23.640000000000,2026-08-28,1.000000000000,0.000000000000,0.000000000000,108.294660836759,106.343301245726,110.041200714543,121.425523798524
2026,00-0040736,Mason Taylor,TE,13,6.838461538462,6.838461538462,88.900000000000,-34.620000000000,2026-08-28,1.000000000000,0.000000000000,1.000000000000,73.166329437088,70.976530032350,73.661029217668,73.661029217668
2026,00-0040737,Terrance Ferguson,TE,11,3.721428571429,3.721428571429,52.100000000000,-25.470000000000,2026-08-28,1.000000000000,0.000000000000,0.000000000000,46.502234296498,42.147182220346,59.948599131266,59.948599131266
2026,00-0040739,Elijah Arroyo,TE,13,2.838461538462,2.838461538462,36.900000000000,-39.220000000000,2026-08-28,1.000000000000,0.000000000000,1.000000000000,35.933438507564,31.510356467293,36.283461924639,36.283461924639
2026,00-0040743,Tyler Shough,QB,11,14.632727272727,14.632727272727,160.960000000000,-19.670000000000,2026-08-28,1.000000000000,0.000000000000,0.000000000000,144.504402429538,140.268034420476,167.308867931233,163.962759626710
2026,00-0040782,Isaiah Bond,WR,15,3.418750000000,3.418750000000,54.700000000000,-107.550000000000,2026-08-28,1.000000000000,0.000000000000,0.000000000000,46.373549320269,41.111947326006,46.835392471955,44.564257821682
2026,00-0040784,Quinshon Judkins,RB,14,12.271428571429,12.271428571429,171.800000000000,-22.360000000000,2026-08-28,1.000000000000,0.000000000000,0.000000000000,137.500893217068,137.669476222132,161.913840603933,182.646776240036
